"STR","survey_id","survey_version","interviewer","interviewer_Org","country","community","sex","gear_handline","gear_spear","gear_traps","gear_gill_net","gear_mobile_net","gear_stationary_line","gear_other","boat_status","boat_length_m","boat_material","boat_motorized","boat_power","tech_smartphone","tech_maps","tech_socialmedia","tech_other","tech_no_tech","fishtech_vhf","fishtech_fishfinder","fishtech_survcam","fishtech_catchapp","fishtech_vesseltrack","fishtech_gps","fishtech_other","fishtech_none","choice","package_nopackage","wtp_1","wtp_2","wtp_3","wtp_4","wtr_1","wtr_2","wtr_3","wtr_4","design_a","design_b","design_c","design_d","design_e","design_f","design_g","design_h","design_i","fraction_personal","fraction_neighbor","fraction_local_trade","fraction_export","fraction_other","fishing_organization","fishing_org_type","fishing_org_role","fishing_org_members","access_target_species","restriction_gear","restriction_size","restriction_season","restriction_spacial","restriction_quota","restriction_other","restriction_none","enforcement_community_members","enforcement_village_leader","enforcement_village_gov","enforcement_provincial_gov","enforcement_national_gov","enforcement_none","enforcement_other","enforcement_interval","punishment_severity","mpa","rank_one","rank_two","rank_three","rank_four","catch_trends","opinion_a","opinion_b","opinion_c","opinion_d","opinion_e","opinion_f","opinion_g","opinion_h","opinion_i","trust_a","trust_b","trust_c","trust_d","trust_e","trust_f","trust_g","trust_h","trust_i","trust_j","trust_k","trust_l","satisfaction_a","satisfaction_b","satisfaction_c","age","years_fishing","education","income","income_fishing","income_expenses"
1,1001,3,"AB","GFW","IND","RAJ","M",1,0,0,0,0,0,0,"own",7,"w","y","n",1,0,1,0,0,0,0,0,0,0,0,0,1,1,0,"","","","","n","y","","",0,0,1,1,0,0,0,1,0,10,0,90,0,0,"y","customary_org","partner",10,"neighboring_community",1,0,0,1,0,0,0,1,1,1,1,0,0,0,"other","strong","y","pollution","iuu","weather","corruption","improve_low",4,4,4,4,4,1,4,4,4,5,5,5,5,5,3,5,5,5,5,5,2,4,4,4,19,1,"secondary",1000000,100,50
2,1002,14,"WG","GFW","IND","RAJ","M",1,0,0,0,0,0,0,"own",9,"fg","y","n",1,1,0,0,0,1,1,0,0,1,0,0,0,2,1,"y","y","n","","","","","",0,0,0,0,0,0,1,1,1,50,25,25,0,0,"y","customary_org","partner",10,"permit_holders",0,1,0,1,1,0,0,1,1,1,0,0,0,0,"other","weak","y","weather","iuu","corruption","pollution","decline_high",4,4,4,5,1,1,1,3,4,5,4,4,3,4,3,3,3,4,5,4,3,4,3,4,41,25,"secondary",1000000,100,80
3,1003,10,"NV","RARE","IND","RAJ","M",1,0,0,0,0,0,0,"share_collective",9,"fg","y","n",0,0,0,0,1,0,0,0,0,0,0,0,1,2,1,"n","","","","","","","",0,0,1,0,0,0,1,1,0,60,40,0,0,0,"y","customary_org","director",7,"community",1,0,1,0,1,0,0,0,1,0,0,0,0,0,"once_week","strong","y","","","","pollution","improve_low",4,5,4,5,4,3,3,5,5,4,4,5,5,5,4,5,5,5,5,5,3,5,1,4,68,55,"primary",1500000,30,20
4,1004,5,"GF","RARE","IND","RAJ","M",1,1,0,0,0,0,0,"own",4,"fg","y","n",0,0,0,0,1,0,0,0,0,0,0,0,1,1,1,"y","y","n","","","","","",0,0,1,1,1,0,0,0,0,0,0,20,0,0,"y","customary_org","director",10,"community",1,0,1,0,0,0,0,1,1,1,0,0,0,0,"once_week","moderate","y","pollution","","","","decline_low",4,4,4,4,4,2,5,5,4,5,5,5,5,5,5,5,5,5,5,5,3,5,2,4,56,15,"primary",1000000,100,50
5,1005,11,"RF","USAID","IND","RAJ","M",1,1,0,0,0,0,0,"own",5,"fg","y","n",0,0,0,0,1,0,0,0,0,0,0,0,1,1,1,"y","y","n","","","","","",0,0,1,1,1,0,0,0,0,50,50,0,0,0,"y","other","director",6,"community",1,1,0,1,0,0,0,0,1,1,0,0,0,0,"other","strong","y","","weather","pollution","","decline_low",5,4,5,5,1,1,1,1,5,5,4,4,5,4,4,5,5,5,4,4,4,5,0,4,59,30,"secondary",NA,100,20
6,1006,1,"WG","GFW","IND","RAJ","M",1,0,0,0,0,0,0,"own",6,"w","y","n",1,0,1,0,0,0,0,0,0,0,0,0,1,2,0,"","","","","y","","","",0,1,1,1,0,0,0,0,0,30,10,60,0,0,"y","customary_org","partner",3,"permit_holders",1,1,0,1,0,0,0,0,1,1,1,0,0,0,"once_week","severe","y","iuu","weather","pollution","corruption","decline_low",3,4,2,5,1,1,5,5,4,5,4,4,4,3,NA,4,NA,3,4,NA,2,3,3,1,26,7,"secondary",1000000,50,25
7,1007,2,"RJ","RARE","IND","RAJ","M",1,0,0,0,0,0,0,"share_collective",7,"w","y","n",1,0,1,0,0,0,0,0,0,0,0,0,1,1,1,"y","y","y","y","","","","",NA,NA,NA,NA,NA,NA,NA,NA,NA,30,20,50,0,0,"y","","",NA,"permit_holders",1,0,0,0,0,0,0,1,1,1,1,1,0,0,"once_week","weak","n","corruption","weather","iuu","pollution","decline_high",4,4,4,4,3,2,4,4,2,5,4,3,4,1,3,4,NA,4,4,NA,4,4,4,4,23,11,"secondary",1100000,100,80
8,1008,11,"WS","RARE","IND","RAJ","M",1,1,0,0,0,0,0,"own",9,"fg","y","n",1,0,0,0,0,0,0,0,0,0,0,0,1,1,0,"","","","","y","","","",1,0,1,0,0,0,0,0,1,20,20,60,0,0,"y","customary_org","director",6,"community",1,1,1,1,0,0,0,1,0,0,1,0,0,0,"once_week","weak","y","weather","pollution","iuu","corruption","decline_high",5,4,1,2,5,1,5,4,5,4,5,4,4,5,NA,5,NA,5,4,NA,NA,5,0,4,33,9,"primary",3000000,100,35
9,1009,6,"ER","RARE","IND","RAJ","M",1,1,0,0,0,0,0,"own",9,"fg","y","n",0,0,0,0,1,0,0,0,0,0,0,0,1,2,1,"y","y","n","","","","","",0,0,1,0,0,1,0,0,1,70,20,10,0,0,"n","","",NA,"permit_holders",1,1,0,1,0,0,0,1,1,1,0,0,0,0,"never","weak","n","weather","iuu","pollution","corruption","decline_low",4,1,5,4,5,1,5,4,4,5,2,3,5,5,3,5,3,5,5,NA,4,0,4,5,46,34,"secondary",100000,100,80
10,1010,16,"WG","GFW","IND","RAJ","M",1,0,1,0,0,0,0,"own",9,"fg","y","n",NA,NA,NA,NA,NA,NA,NA,NA,NA,NA,NA,NA,NA,2,1,"n","","","","","","","",NA,NA,NA,NA,NA,NA,NA,NA,NA,50,10,40,0,0,"y","customary_org","partner",8,"permit_holders",0,1,0,1,0,0,0,0,0,1,1,1,0,0,"once_week","strong","y","weather","iuu","pollution","corruption","improve_low",2,4,4,3,2,1,5,5,3,5,3,5,4,2,NA,4,NA,5,4,NA,NA,5,5,2,42,30,"primary",8000000,75,65
11,1011,4,"AB","GFW","IND","RAJ","M",1,0,0,0,0,0,0,"own",6,"w","y","n",0,0,0,0,1,0,0,0,0,0,0,0,1,1,0,"","","","","n","y","","",0,1,1,1,0,0,0,0,0,30,20,50,0,0,"y","","",NA,"community",1,1,0,1,0,0,0,1,1,1,1,0,0,0,"once_week","strong","n","iuu","corruption","weather","pollution","decline_low",4,2,4,5,4,2,4,4,4,5,2,5,5,5,3,5,5,5,5,NA,5,4,4,4,37,5,"primary",4000000,25,10
12,1012,10,"GF","RARE","IND","RAJ","M",1,0,0,0,0,0,0,"own",8,"fg","y","n",0,0,0,0,1,0,0,0,0,0,NA,0,1,2,1,"y","n","","","","","","",0,0,1,0,0,0,1,0,1,25,0,75,0,0,"y","customary_org","apprentice",4,"no_restrictions",0,0,0,0,0,0,1,0,1,0,0,0,0,0,"few_year","moderate","y","","","","pollution","no_change",4,3,4,4,4,1,1,2,4,2,5,5,5,5,5,5,5,5,5,5,2,5,1,4,52,30,"vocational",NA,NA,NA
13,1013,3,"WG","GFW","IND","RAJ","M",1,0,0,0,0,0,0,"rent",6,"w","y","n",0,0,0,0,1,0,0,0,0,0,0,0,1,2,1,"y","y","y","n","","","","",0,1,1,1,0,0,0,0,0,30,70,0,0,0,"y","customary_org","partner",5,"permit_holders",1,0,0,1,0,0,0,0,1,1,1,0,0,0,"once_week","strong","y","iuu","corruption","pollution","weather","improve_high",4,5,4,1,4,2,5,3,4,5,4,5,4,4,NA,4,NA,4,4,NA,3,4,3,4,33,15,"secondary",1500000,70,40
14,1014,6,"GF","RARE","IND","RAJ","M",1,0,0,0,0,0,0,"own",4,"w","n","n",1,0,0,0,0,0,0,0,0,0,0,0,1,2,1,"y","y","n","","","","","",1,0,0,1,1,0,0,0,0,100,0,0,0,0,"y","customary_org","apprentice",15,"community",0,0,0,0,0,0,1,0,0,0,0,0,1,0,"never","none","y","weather","pollution","iuu","corruption","no_change",4,4,4,4,3,2,2,2,4,5,5,5,5,2,2,3,5,5,5,5,1,5,2,4,50,15,"vocational",NA,NA,NA
15,1015,7,"GF","RARE","IND","RAJ","M",1,0,0,0,0,0,0,"own",3,"w","n","n",0,0,0,0,1,0,0,0,0,0,0,0,1,1,1,"y","y","n","","","","","",0,0,0,1,0,0,0,1,1,25,0,75,0,0,"y","customary_org","apprentice",10,"no_restrictions",0,0,0,0,0,0,1,0,1,0,0,0,0,0,"few_year","strong","y","pollution","iuu","weather","corruption","no_change",4,4,4,4,4,2,2,2,4,5,5,5,5,2,2,5,5,5,5,5,3,4,2,3,42,30,"secondary",NA,NA,NA
16,1016,8,"GF","RARE","IND","RAJ","M",1,0,0,0,0,0,0,"rent",2,"w","y","n",1,0,0,0,0,0,0,0,0,0,0,0,1,2,1,"y","n","","","","","","",0,0,1,0,1,0,0,1,0,50,0,50,0,0,"y","customary_org","apprentice",5,"no_restrictions",0,0,0,0,0,0,1,0,1,0,0,0,0,0,"few_year","moderate","y","weather","pollution","iuu","corruption","no_change",4,4,4,2,2,2,4,4,4,5,5,5,5,2,5,5,5,5,5,5,5,4,2,2,37,16,"secondary",NA,NA,NA
17,1017,9,"GF","RARE","IND","RAJ","M",1,0,0,0,0,0,0,"own",4,"w","y","n",1,0,0,0,0,0,0,0,0,0,0,0,1,1,1,"y","y","n","","","","","",0,1,0,1,1,0,0,0,0,20,0,80,0,0,"y","customary_org","apprentice",20,"no_restrictions",0,0,0,0,0,0,1,0,1,0,0,0,0,0,"few_year","moderate","y","","","weather","","no_change",1,1,1,1,1,1,1,5,5,2,5,5,5,1,5,5,5,5,3,5,1,4,2,4,40,15,"primary",NA,NA,NA
18,1018,7,"ER","RARE","IND","RAJ","M",1,1,0,0,0,0,0,"own",9,"fg","y","n",NA,NA,NA,NA,NA,NA,NA,NA,NA,NA,NA,NA,NA,1,1,"y","y","y","y","","","","",NA,NA,NA,NA,NA,NA,NA,NA,NA,20,10,70,0,0,"n","","",NA,"permit_holders",1,1,0,1,0,0,0,1,1,1,1,0,0,0,"once_month","none","y","corruption","weather","iuu","weather","decline_high",2,1,2,4,4,2,5,1,1,5,5,3,5,5,3,5,5,5,5,NA,5,5,2,4,40,28,"primary",1000000,100,50
19,2001,10,"AB","GFW","IND","MNC","M",0,0,0,0,1,0,0,"own",10,"fg","y","n",NA,NA,NA,NA,NA,0,0,0,0,0,0,0,1,2,0,"","","","","n","n","n","n",0,0,1,1,0,0,1,0,0,10,0,0,0,90,"y","other","other",NA,"permit_holders",0,0,0,0,0,0,1,1,0,0,0,0,0,0,"never","severe","n","pollution","iuu","weather","corruption","improve_low",3,1,4,3,4,4,4,4,2,5,5,3,4,4,3,3,3,3,3,NA,2,3,1,2,54,3,"secondary",1000000,100,10
20,2002,7,"AB","GFW","IND","MNC","M",0,0,0,0,1,0,0,"own",10,"fg","y","y",1,0,0,0,0,0,0,0,0,0,0,0,1,1,0,"","","","","n","n","n","n",NA,NA,NA,NA,NA,NA,NA,NA,NA,10,0,0,0,90,"y","other","other",NA,"permit_holders",0,0,0,0,0,1,0,1,0,0,0,0,0,0,"never","severe","n","pollution","iuu","weather","corruption","improve_low",3,1,4,4,4,4,1,4,2,5,5,3,3,4,3,3,3,3,5,NA,1,3,1,4,40,24,"no_formal",10000000,100,10
21,2003,8,"AB","GFW","IND","MNC","M",0,0,0,0,1,0,0,"own",10,"fg","y","n",1,1,1,0,0,0,0,0,0,0,0,0,1,2,0,"","","","","n","n","n","n",0,1,1,1,0,0,0,0,0,10,0,0,0,90,"y","other","other",NA,"no_restrictions",0,0,0,0,0,0,1,1,0,0,0,0,0,0,"never","severe","n","pollution","iuu","weather","corruption","improve_low",3,1,4,2,4,4,4,4,4,5,5,3,5,4,3,3,3,3,5,NA,1,3,0,4,36,9,"primary",10000000,100,10
22,2004,9,"AB","GFW","IND","MNC","M",0,0,0,0,1,0,0,"own",10,"fg","y","n",NA,NA,NA,NA,NA,0,0,0,0,0,0,0,1,1,0,"","","","","n","n","n","n",0,0,1,0,0,0,0,0,0,10,0,0,0,90,"y","other","other",NA,"permit_holders",0,0,0,0,0,0,1,1,0,0,0,0,0,0,"never","severe","n","pollution","weather","iuu","corruption","improve_low",3,1,4,2,4,4,4,4,2,5,5,2,4,4,3,3,3,3,3,NA,3,3,1,4,40,30,"primary",10000000,100,10
23,3001,4,"WG","GFW","IND","MAK","M",0,0,1,0,0,0,0,"own",28,"w","y","y",0,0,0,0,1,0,0,0,0,0,0,0,1,2,1,"y","y","n","","","","","",0,1,1,0,0,1,1,0,1,10,85,0,0,NA,"y","cooperative","partner",20,"permit_holders",1,0,0,1,0,0,0,0,0,1,1,0,0,0,"once_month","weak","y","pollution","weather","iuu","corruption","decline_low",3,2,2,5,4,2,4,3,1,5,3,3,3,3,3,3,3,3,2,2,2,3,4,4,40,20,"primary",1500000,100,40
24,3002,5,"WG","GFW","IND","MAK","M",0,0,1,0,0,0,0,"own",8,"w","y","y",0,0,0,0,1,0,0,0,0,0,0,0,1,1,0,"","","","","y","","","",0,0,1,0,0,0,0,0,0,10,NA,90,NA,NA,"y","other","partner",20,"permit_holders",1,0,0,1,0,0,0,0,0,0,1,1,0,0,"once_month","weak","y","pollution","weather","corruption","iuu","decline_low",3,4,1,4,2,1,1,4,1,5,3,3,4,4,3,3,3,3,4,4,3,3,4,4,50,30,"primary",2000000,100,60
25,3003,10,"RR","GFW","IND","MAK","M",0,0,0,0,1,0,0,"share_employee",8,"w","y","y",1,0,0,0,0,0,0,0,0,0,0,0,1,1,0,"","","","","n","n","n","n",0,1,1,0,1,0,0,0,0,5,NA,95,NA,0,"n","","",NA,"no_restrictions",0,0,0,1,0,0,0,0,0,0,0,0,1,0,"never","none","n","weather","pollution","iuu","corruption","improve_low",3,2,4,2,2,2,4,4,3,4,4,3,3,3,3,5,3,4,4,4,3,3,3,3,39,31,"primary",3000000,100,15
26,3004,7,"WG","GFW","IND","MAK","M",0,0,0,0,1,0,0,"share_employee",7,"w","y","n",0,0,0,0,1,0,0,0,0,0,0,0,1,2,0,"","","","","y","","","",0,0,1,0,0,0,0,0,0,NA,NA,100,NA,NA,"y","other","partner",30,"permit_holders",1,0,0,1,0,0,0,0,0,0,1,0,0,0,"few_year","weak","n","weather","corruption","iuu","pollution","decline_low",3,4,3,3,2,2,4,4,2,5,5,4,4,3,3,3,3,NA,4,3,3,3,3,4,37,8,"primary",1000000,100,0
27,3005,7,"WG","GFW","IND","MAK","M",0,0,0,0,1,0,0,"share_collective",3,"w","y","y",1,0,1,0,0,0,0,0,0,0,0,0,1,1,1,"y","n","","","","","","",0,1,1,0,0,0,0,0,0,15,0,85,NA,NA,"n","","",NA,"permit_holders",1,0,0,1,0,0,0,0,0,0,1,0,0,0,"once_week","weak","y","weather","iuu","corruption","pollution","no_change",3,4,3,5,3,1,4,3,1,5,4,3,4,4,3,3,3,3,4,4,3,3,2,4,30,15,"secondary",2500000,100,0
28,3006,11,"RR","GFW","IND","MAK","M",0,0,0,0,1,0,0,"share_employee",7,"w","y","y",1,0,0,0,0,0,0,0,0,0,0,0,1,2,0,"","","","","n","n","n","n",0,1,1,0,1,0,0,0,0,NA,NA,100,NA,0,"n","","",NA,"no_restrictions",0,0,0,0,0,0,1,0,0,0,0,0,1,0,"never","none","n","weather","pollution","iuu","corruption","no_change",3,2,4,2,2,2,4,3,3,4,4,3,3,3,3,5,4,4,3,3,3,4,3,3,41,30,"primary",2500000,100,20
29,3007,8,"WG","GFW","IND","MAK","M",0,0,0,0,1,0,0,"share_collective",3,"w","y","n",0,0,0,0,1,0,0,0,0,0,0,0,1,2,1,"y","y","n","","","","","",0,0,1,0,0,0,0,0,0,0,NA,100,NA,NA,"y","union","partner",30,"permit_holders",1,0,1,0,0,0,0,0,0,0,1,0,0,0,"once_month","weak","n","weather","iuu","corruption","pollution","no_change",4,2,2,4,2,2,4,4,2,4,3,3,3,4,3,3,3,3,4,4,4,3,3,4,35,20,"primary",1000000,100,0
30,3008,9,"WG","GFW","IND","MAK","M",0,0,1,0,0,0,0,"rent",3,"w","y","y",1,1,0,0,0,0,0,0,0,1,1,0,0,1,1,"n","","","","","","","",0,1,1,0,0,0,0,0,0,NA,0,100,NA,NA,"y","cooperative","partner",20,"permit_holders",1,0,0,0,0,0,0,0,0,0,0,1,0,0,"once_month","weak","n","pollution","iuu","weather","corruption","decline_low",3,1,2,5,2,1,4,4,1,5,5,5,3,1,3,2,3,3,4,5,3,2,4,4,45,30,"no_formal",2500000,100,50
31,3009,13,"RR","GFW","IND","MAK","M",0,0,1,0,0,0,0,"share_employee",15,"w","y","y",1,0,0,0,0,0,1,0,0,1,1,1,0,2,1,"n","","","","","","","",0,1,1,0,1,0,0,0,0,0,0,100,0,NA,"n","","",NA,"permit_holders",0,0,0,1,0,0,0,0,0,0,0,0,0,1,"few_year","none","n","corruption","weather","iuu","pollution","decline_low",5,4,5,2,2,2,4,4,3,2,2,3,4,2,3,5,4,5,4,4,4,4,4,4,75,13,"no_formal",2500000,100,20
32,3010,10,"WG","GFW","IND","MAK","M",0,0,0,0,1,0,0,"share_employee",7,"w","y","y",0,0,0,0,1,0,0,0,0,0,0,0,1,2,1,"y","n","","","","","","",0,0,1,0,0,0,0,0,0,NA,NA,100,NA,NA,"y","other","partner",13,"permit_holders",1,0,0,1,0,0,0,0,0,0,0,1,0,0,"once_month","weak","y","weather","corruption","pollution","iuu","decline_low",3,4,2,4,3,1,4,4,1,5,4,3,4,3,3,3,3,4,4,4,3,3,3,4,19,4,"primary",1000000,100,0
33,3011,10,"WG","GFW","IND","MAK","M",0,0,0,0,0,0,1,"share_collective",3,"w","y","y",0,0,0,0,1,0,0,0,0,0,0,0,1,2,1,"y","y","n","","","","","",0,1,1,0,0,0,0,0,0,20,NA,80,NA,NA,"n","","",NA,"permit_holders",1,0,0,1,0,0,0,0,0,0,1,0,0,0,"once_week","weak","y","weather","pollution","iuu","corruption","no_change",3,4,4,5,3,1,4,4,2,3,3,3,4,4,3,3,3,2,NA,4,3,3,3,3,46,20,"secondary",2000000,100,30
34,3012,11,"WG","GFW","IND","MAK","M",0,0,0,0,0,0,1,"share_employee",3,"w","y","y",0,0,0,0,1,0,0,0,0,0,0,0,1,1,1,"n","","","","","","","",0,0,1,0,0,0,0,0,0,NA,NA,100,NA,NA,"y","cooperative","partner",30,"permit_holders",1,0,0,0,0,0,0,0,0,0,1,0,0,0,"few_year","weak","n","weather","pollution","","","improve_low",3,1,2,3,3,1,3,4,1,4,4,4,3,3,3,3,3,3,2,2,2,3,3,4,32,9,"primary",2000000,100,0
35,3013,11,"WG","GFW","IND","MAK","M",0,0,0,0,0,0,1,"own",8,"w","y","y",1,0,0,0,0,0,0,0,0,0,0,0,1,1,1,"y","n","","","","","","",0,0,1,0,0,0,0,0,0,5,0,95,NA,NA,"y","cooperative","partner",25,"permit_holders",1,0,0,0,0,0,0,0,0,0,1,0,0,0,"few_year","weak","n","iuu","weather","corruption","pollution","no_change",3,2,4,4,4,1,4,5,3,4,4,4,3,3,3,3,3,3,4,4,4,3,3,4,39,29,"primary",2000000,100,55
36,3014,14,"RR","GFW","IND","MAK","M",0,0,0,0,1,0,0,"own",16,"w","y","y",1,0,0,0,0,0,0,0,0,0,0,0,1,2,0,"","","","","n","y","","",0,1,1,0,1,0,0,0,0,10,0,90,0,0,"y","cooperative","partner",12,"permit_holders",0,0,0,0,0,0,1,0,0,0,0,1,0,0,"once_week","moderate","n","weather","iuu","corruption","pollution","no_change",3,2,4,2,2,NA,4,4,3,4,3,4,4,4,3,5,4,4,4,4,3,3,3,4,60,50,"primary",20000000,100,10
37,3015,14,"RR","GFW","IND","MAK","M",0,0,0,1,0,0,0,"own",5,"w","y","n",1,0,0,0,0,0,0,0,0,0,0,0,1,2,1,"n","","","","","","","",0,1,1,0,1,0,0,0,0,0,0,100,0,0,"n","","",NA,"no_restrictions",0,0,0,0,0,0,1,0,0,0,0,1,0,0,"never","strong","n","pollution","weather","iuu","corruption","decline_high",4,2,4,4,3,2,4,5,3,4,4,3,3,3,3,4,4,4,4,4,4,3,3,3,47,30,"primary",2500000,100,10
38,3016,9,"RR","GFW","IND","MAK","M",0,0,0,0,0,0,1,"share_employee",5,"w","y","n",1,0,0,0,0,0,0,0,0,0,0,0,1,1,1,"n","","","","","","","",0,1,1,0,1,0,0,0,0,5,0,95,0,0,"y","other","other",10,"no_restrictions",0,0,0,1,0,0,0,0,0,0,0,0,1,0,"never","none","n","pollution","weather","iuu","corruption","no_change",4,2,4,4,3,3,4,4,4,4,3,4,3,3,3,4,4,4,4,4,3,3,3,3,42,32,"primary",3000000,100,10
39,3017,2,"RR","GFW","IND","MAK","M",0,0,0,0,0,0,1,"own",5,"w","y","n",1,0,0,0,0,0,0,0,0,0,0,0,1,1,1,"n","","","","","","","",0,1,1,0,1,0,0,0,0,0,0,100,0,0,"n","","",NA,"no_restrictions",0,0,0,0,0,0,1,0,0,0,0,0,1,0,"never","none","n","pollution","weather","iuu","corruption","no_change",4,2,4,2,2,2,4,4,3,4,3,3,4,4,3,4,4,4,4,4,3,3,3,3,42,30,"primary",2500000,100,10
40,3018,3,"RR","GFW","IND","MAK","M",0,0,0,0,0,0,1,"share_employee",5,"w","y","n",1,0,0,0,0,0,0,0,0,0,0,0,1,2,1,"n","","","","","","","",0,1,1,0,1,0,0,0,0,0,0,100,0,0,"n","","",NA,"no_restrictions",0,0,0,0,0,0,1,0,0,0,0,1,0,0,"never","none","n","pollution","weather","iuu","corruption","no_change",4,2,4,3,2,2,5,4,3,4,4,3,3,3,3,4,4,4,4,4,3,3,3,3,40,25,"primary",2500000,100,10
41,3019,12,"RR","GFW","IND","MAK","M",0,0,1,0,0,0,0,"share_employee",7,"w","y","n",1,1,0,0,0,0,0,0,0,0,0,0,1,1,1,"y","n","","","","","","",0,1,1,1,1,0,0,0,0,0,0,100,0,0,"n","","",NA,"no_restrictions",0,0,0,0,0,0,1,0,0,0,0,0,1,0,"never","none","n","weather","pollution","iuu","corruption","decline_high",5,2,4,4,2,2,5,5,3,4,4,3,5,5,3,4,4,4,5,5,3,3,3,3,39,25,"primary",2500000,100,5
42,3020,15,"RR","GFW","IND","MAK","M",0,0,1,0,0,0,0,"share_employee",6,"w","y","y",1,0,0,0,0,0,0,0,0,0,0,1,0,1,1,"y","n","","","","","","",0,1,1,1,1,0,0,0,0,0,0,100,0,0,"y","cooperative","partner",30,"permit_holders",0,0,0,0,0,0,1,0,0,0,0,0,1,0,"never","none","n","weather","pollution","iuu","corruption","no_change",4,3,4,2,2,2,5,4,3,5,4,3,4,4,3,4,4,3,4,4,3,3,3,4,28,17,"primary",2000000,100,20
43,3021,13,"RR","GFW","IND","MAK","M",0,0,1,0,0,0,0,"share_employee",6,"w","y","y",1,0,0,0,0,0,0,0,0,0,0,0,1,2,0,"","","","","n","n","n","n",0,1,1,0,0,0,0,0,0,0,0,100,0,0,"n","","",NA,"no_restrictions",0,0,0,0,0,0,1,0,0,0,0,0,1,0,"never","none","n","weather","pollution","iuu","corruption","no_change",4,2,4,3,2,2,5,5,3,5,4,3,3,3,3,4,4,3,4,4,3,3,3,3,23,10,"primary",1500000,100,10
44,3022,1,"RR","GFW","IND","MAK","M",0,0,0,0,1,0,0,"share_employee",100,"w","y","y",1,0,0,0,0,0,0,0,0,0,0,0,1,2,1,"y","n","","","","","","",0,0,0,1,1,0,0,0,0,5,0,95,0,0,"n","","",NA,"no_restrictions",0,0,0,0,0,0,1,0,0,0,1,1,0,0,"few_year","moderate","n","weather","iuu","pollution","corruption","no_change",4,5,4,3,2,2,5,4,3,5,4,3,3,4,3,4,4,4,4,4,3,3,3,3,59,10,"primary",2500000,100,10
45,3023,16,"RR","GFW","IND","MAK","M",0,0,0,0,1,0,0,"share_employee",20,"w","y","y",1,0,0,0,0,0,0,0,0,0,0,0,1,2,1,"n","","","","","","","",0,0,0,0,1,0,0,0,0,0,0,100,0,0,"n","","",NA,"permit_holders",0,0,0,0,0,0,1,1,0,0,1,1,0,0,"once_week","strong","n","weather","iuu","pollution","corruption","no_change",4,5,4,4,2,2,5,4,3,5,4,3,4,4,4,4,4,4,3,4,3,3,3,3,40,5,"primary",2000000,100,10
46,3024,12,"RR","GFW","IND","MAK","M",0,0,0,0,1,0,0,"share_employee",15,"w","y","y",1,0,0,0,0,0,0,0,0,0,0,0,1,1,0,"","","","","n","n","n","n",0,0,0,0,1,0,0,0,0,0,0,100,0,0,"n","","",NA,"permit_holders",1,0,0,1,0,0,0,1,0,1,1,1,0,0,"once_week","strong","n","weather","pollution","iuu","corruption","no_change",4,5,4,2,2,2,5,4,3,5,2,3,4,4,4,4,4,4,4,4,3,4,4,4,40,25,"primary",3000000,100,5
47,3025,15,"RR","GFW","IND","MAK","M",0,0,0,0,1,0,0,"share_employee",15,"w","y","y",1,0,0,0,0,0,0,0,0,0,0,0,1,1,0,"","","","","n","n","n","n",0,0,1,0,1,0,0,0,0,0,0,100,0,0,"n","","",NA,"permit_holders",0,0,0,0,0,0,1,1,0,0,1,1,0,0,"once_week","strong","n","weather","iuu","pollution","corruption","no_change",5,2,4,3,2,2,5,5,3,5,4,3,4,4,4,4,4,3,4,4,3,3,3,3,48,1,"no_formal",2500000,100,10
48,3026,15,"RR","GFW","IND","MAK","M",0,0,0,0,1,0,0,"share_employee",7,"w","y","y",1,0,0,0,0,0,0,0,0,0,0,0,1,1,1,"y","y","n","","","","","",0,0,1,1,1,0,0,0,0,0,0,100,0,0,"n","","",NA,"no_restrictions",1,0,0,0,0,0,0,0,0,0,1,1,0,0,"never","moderate","n","weather","pollution","iuu","corruption","improve_low",5,4,5,2,2,2,5,5,3,5,3,3,4,4,4,4,4,3,4,4,3,3,3,3,35,20,"primary",2000000,100,10
49,3027,12,"RR","GFW","IND","MAK","M",0,0,0,0,1,0,0,"share_employee",7,"w","y","y",1,0,0,0,0,1,1,0,0,1,1,0,0,1,1,"y","y","n","","","","","",0,1,1,1,1,0,0,0,0,0,0,100,0,0,"y","cooperative","partner",200,"permit_holders",1,0,0,0,0,0,0,0,0,0,1,0,0,0,"never","strong","n","weather","pollution","iuu","corruption","decline_low",5,4,4,2,2,2,5,5,4,5,3,4,4,4,3,3,3,3,4,4,3,3,3,3,40,25,"primary",3000000,100,10
50,3028,12,"RR","GFW","IND","MAK","M",0,0,0,0,1,0,0,"share_employee",13,"w","y","y",1,0,0,0,0,0,0,0,0,0,0,0,1,1,0,"","","","","y","","","",0,0,0,0,1,0,0,0,0,0,0,100,0,0,"n","","",NA,"no_restrictions",0,0,0,0,0,0,1,0,0,0,1,1,0,0,"few_year","strong","n","weather","pollution","iuu","corruption","no_change",4,2,5,2,2,2,5,4,3,5,4,3,4,4,4,4,3,3,4,4,3,3,3,3,54,20,"primary",2500000,100,10
51,3029,16,"RR","GFW","IND","MAK","M",0,0,1,0,0,0,0,"share_employee",7,"w","y","y",1,1,0,0,0,0,0,0,0,1,1,0,0,1,1,"y","y","n","","","","","",0,1,1,1,1,0,0,0,0,0,0,100,0,0,"y","cooperative","partner",200,"no_restrictions",0,0,0,0,0,0,1,0,0,0,0,1,0,0,"never","strong","n","weather","iuu","pollution","corruption","decline_low",4,2,4,2,2,2,5,5,3,5,5,3,4,4,3,4,3,4,4,4,3,3,3,3,35,22,"primary",3000000,100,10
52,3030,1,"RR","GFW","IND","MAK","M",0,0,1,0,0,0,0,"share_employee",7,"w","y","y",0,1,0,0,0,0,0,0,0,1,1,1,0,2,1,"y","y","n","","","","","",0,0,0,1,1,0,0,0,0,0,0,100,0,0,"y","cooperative","partner",200,"permit_holders",1,0,0,0,0,0,0,0,0,0,1,1,0,0,"few_year","strong","n","weather","iuu","pollution","corruption","decline_low",5,1,4,2,2,2,5,5,3,5,5,3,4,4,4,3,3,3,4,4,3,3,3,3,35,6,"primary",6000000,100,10
53,3031,13,"RR","GFW","IND","MAK","M",0,0,1,0,0,0,0,"share_employee",8,"w","y","y",1,1,0,0,0,0,0,0,0,1,1,1,0,2,1,"y","y","n","","","","","",0,0,1,1,1,0,0,0,0,0,0,100,0,0,"n","","",NA,"permit_holders",1,0,0,0,0,0,0,0,0,0,1,1,0,0,"few_year","strong","n","weather","iuu","pollution","corruption","decline_low",5,2,4,2,2,2,5,5,3,5,4,3,4,4,4,4,3,3,4,4,3,3,3,3,29,4,"primary",2000000,100,10
54,3032,12,"RR","GFW","IND","MAK","M",0,0,1,0,0,0,0,"share_employee",8,"w","y","y",1,1,0,0,0,0,0,0,0,1,1,0,0,1,1,"y","y","y","n","","","","",0,0,1,1,1,0,0,0,0,0,0,100,0,0,"n","","",NA,"permit_holders",1,0,0,0,0,0,0,0,0,0,1,1,0,0,"once_month","strong","n","iuu","weather","pollution","corruption","improve_low",3,2,5,3,2,4,5,5,3,5,5,3,4,4,4,4,4,4,4,4,4,3,3,3,37,20,"primary",8000000,100,10
55,3033,1,"RR","GFW","IND","MAK","M",0,0,1,0,0,0,0,"own",8,"w","y","y",1,1,0,0,0,0,0,0,0,1,1,0,0,2,1,"y","y","n","","","","","",0,0,1,1,1,0,0,0,0,0,0,100,0,0,"n","","",NA,"permit_holders",1,0,0,0,0,0,0,0,0,0,1,1,0,0,"few_year","strong","n","iuu","weather","pollution","corruption","improve_low",5,2,4,2,2,4,4,5,3,5,4,3,4,4,4,4,3,3,4,4,3,3,3,3,48,35,"primary",20000000,100,40
56,3034,2,"RR","GFW","IND","MAK","M",0,0,0,0,1,0,0,"own",8,"w","y","y",1,0,0,0,0,0,0,0,0,0,0,0,1,1,0,"","","","","n","n","n","n",0,1,1,0,0,0,0,0,0,0,0,100,0,0,"y","cooperative","partner",30,"no_restrictions",0,0,0,0,0,0,1,0,0,0,1,1,0,0,"once_month","strong","n","pollution","weather","iuu","corruption","no_change",4,2,4,2,2,2,5,5,3,5,4,3,4,4,4,4,3,3,4,4,3,3,3,3,39,25,"primary",3000000,100,10
57,3035,3,"RR","GFW","IND","MAK","M",0,0,0,0,1,0,0,"own",8,"w","y","y",1,0,0,0,0,1,1,0,0,1,1,0,0,2,0,"","","","","n","n","n","n",0,1,1,1,0,0,0,0,0,0,0,100,0,0,"n","","",NA,"no_restrictions",0,0,0,0,0,0,1,0,0,0,1,1,0,0,"few_year","none","n","pollution","weather","iuu","corruption","decline_low",4,4,4,2,2,2,5,5,3,5,4,3,4,4,3,4,3,3,4,4,3,3,3,3,32,22,"primary",3000000,100,10
58,3036,3,"RR","GFW","IND","MAK","M",0,0,1,0,0,0,0,"own",15,"w","y","y",1,1,0,0,0,1,1,0,0,1,1,0,0,2,1,"y","y","n","","","","","",0,0,1,1,1,0,0,1,0,0,0,100,0,0,"y","other","partner",100,"permit_holders",1,0,0,0,0,0,0,0,0,0,1,1,0,0,"few_year","strong","n","iuu","weather","pollution","corruption","decline_high",4,2,4,2,2,3,5,5,4,5,4,3,4,4,4,4,3,3,4,4,3,3,3,3,39,22,"primary",20000000,100,40
59,3037,5,"RR","GFW","IND","MAK","M",0,0,1,0,0,0,0,"share_employee",15,"w","y","y",1,1,0,0,0,1,1,0,0,1,1,0,0,2,1,"y","y","n","","","","","",0,0,1,1,1,0,0,0,0,0,0,100,0,0,"n","","",NA,"permit_holders",1,0,0,0,0,0,0,0,0,0,1,1,0,0,"few_year","strong","n","weather","iuu","pollution","corruption","decline_low",4,2,4,2,2,4,5,5,3,5,4,3,4,4,3,4,3,3,4,4,3,3,3,3,40,21,"primary",8000000,100,15
60,3038,6,"RR","GFW","IND","MAK","M",0,0,0,0,1,0,1,"own",8,"w","y","y",1,0,0,0,0,0,0,0,0,0,0,0,1,2,0,"","","","","n","n","n","n",0,0,1,0,0,0,0,0,0,0,0,100,0,0,"n","","",NA,"no_restrictions",0,0,0,0,0,0,1,0,0,0,1,1,0,0,"never","none","n","pollution","weather","iuu","corruption","decline_low",4,2,4,2,2,2,5,5,3,5,4,3,4,4,4,4,3,3,4,4,3,3,3,3,35,20,"primary",2000000,100,10
61,3039,7,"RR","GFW","IND","MAK","M",0,0,0,0,1,0,0,"share_employee",15,"w","y","y",1,0,0,0,0,0,0,0,0,0,0,0,1,1,0,"","","","","n","n","n","n",0,1,1,0,1,0,0,0,0,0,0,100,0,0,"n","","",NA,"no_restrictions",0,0,0,0,0,0,1,0,0,0,1,1,0,0,"few_year","strong","n","weather","pollution","iuu","corruption","no_change",4,2,4,2,2,2,5,5,3,5,4,3,3,4,3,4,3,3,4,4,3,4,4,3,40,25,"primary",2000000,100,10
62,3040,8,"RR","GFW","IND","MAK","M",0,0,0,0,1,0,1,"own",7,"w","y","y",1,0,0,0,0,0,0,0,0,0,0,0,1,2,0,"","","","","n","n","n","n",0,0,1,0,0,0,0,0,0,0,0,100,0,0,"n","","",NA,"no_restrictions",0,0,0,0,0,0,1,0,0,0,0,1,0,0,"never","strong","n","weather","pollution","iuu","corruption","decline_high",4,2,4,2,2,2,5,5,3,5,4,3,4,4,3,4,3,4,4,4,3,3,3,3,39,25,"primary",4000000,100,20
63,3041,9,"RR","GFW","IND","MAK","M",0,0,0,0,1,0,0,"share_employee",15,"w","y","y",1,0,0,0,0,0,0,0,0,0,0,0,1,1,1,"y","n","","","","","","",0,1,1,1,1,0,0,0,0,0,0,100,0,0,"y","other","partner",300,"permit_holders",1,0,0,0,0,0,0,0,0,0,1,1,0,0,"few_year","strong","n","weather","pollution","iuu","corruption","decline_high",4,2,5,2,2,2,5,5,4,5,4,4,4,4,3,4,3,3,4,4,3,3,3,3,40,25,"primary",2500000,100,20
64,3042,10,"RR","GFW","IND","MAK","M",0,0,0,0,1,0,0,"own",12,"w","y","y",1,0,0,0,0,1,1,0,0,1,1,0,0,2,1,"y","y","n","","","","","",0,1,1,1,1,0,0,0,0,0,0,100,0,0,"y","other","partner",300,"permit_holders",1,0,0,0,0,0,0,0,0,0,1,1,0,0,"few_year","strong","n","weather","pollution","iuu","corruption","decline_low",4,2,5,4,2,2,5,5,4,5,4,3,4,4,3,4,3,4,4,4,3,3,3,3,33,20,"secondary",3000000,100,20
65,3043,11,"RR","GFW","IND","MAK","M",0,0,0,0,1,0,0,"share_employee",15,"w","y","y",1,0,0,0,0,0,0,0,0,0,0,0,1,1,1,"y","n","","","","","","",0,1,1,0,1,0,0,0,0,0,0,100,0,0,"n","","",NA,"permit_holders",1,0,0,0,0,0,0,0,0,0,1,1,0,0,"few_year","strong","n","weather","pollution","iuu","corruption","no_change",4,2,4,2,2,2,5,4,3,5,4,3,4,4,3,4,3,4,4,4,3,3,3,3,38,25,"primary",2000000,100,15
66,3044,12,"RR","GFW","IND","MAK","M",0,0,0,0,1,0,0,"share_employee",12,"w","y","y",1,0,0,0,0,0,0,0,0,0,0,0,1,1,1,"y","n","","","","","","",0,1,1,0,1,0,0,0,0,0,0,100,0,0,"n","","",NA,"permit_holders",1,0,0,0,0,0,0,0,0,0,1,1,0,0,"few_year","strong","n","weather","pollution","iuu","corruption","decline_low",4,2,5,2,2,2,5,5,3,5,4,3,4,4,3,5,4,3,4,4,3,3,3,3,38,20,"primary",2000000,100,10
67,3045,13,"RR","GFW","IND","MAK","M",0,0,1,0,0,0,0,"share_employee",8,"w","y","y",1,0,0,0,0,0,0,0,0,0,0,1,0,2,1,"y","n","","","","","","",0,0,1,1,1,0,0,0,0,0,0,100,0,0,"n","","",NA,"no_restrictions",1,0,0,0,0,0,0,0,0,0,1,1,0,0,"few_year","strong","n","weather","pollution","iuu","corruption","no_change",4,2,4,2,2,2,5,5,4,5,4,4,4,4,3,4,3,3,4,4,3,3,3,3,40,20,"primary",2000000,100,15
68,3046,14,"RR","GFW","IND","MAK","M",0,0,0,0,1,0,0,"own",8,"w","y","y",1,0,0,0,0,0,0,0,0,0,0,0,1,2,0,"","","","","n","n","n","n",0,0,1,0,1,0,0,0,0,0,0,100,0,0,"n","","",NA,"no_restrictions",0,0,0,0,0,0,1,0,0,0,1,1,0,0,"never","none","n","weather","pollution","iuu","corruption","no_change",4,2,4,2,2,2,5,5,3,5,4,3,4,4,3,4,3,3,4,4,3,3,3,4,39,12,"primary",2000000,100,10
69,3047,4,"WG","GFW","IND","MAK","M",0,0,0,1,0,0,0,"share_employee",7,"w","y","y",0,0,0,0,1,0,0,0,0,0,0,0,1,2,0,"","","","","y","","","",0,0,1,0,0,0,0,0,0,0,0,100,NA,NA,"y","cooperative","partner",50,"permit_holders",1,0,0,1,0,0,0,0,0,0,1,0,0,0,"few_year","weak","y","weather","pollution","iuu","corruption","decline_low",4,1,4,4,3,1,4,4,1,5,4,4,3,3,3,3,3,4,2,2,2,3,3,1,43,20,"primary",1000000,100,0
70,3048,6,"WG","GFW","IND","MAK","M",0,0,0,1,0,0,0,"share_employee",9,"w","y","y",0,0,1,0,0,0,0,0,0,0,0,0,1,2,1,"y","n","","","","","","",0,1,1,0,0,0,0,0,0,5,0,95,0,0,"n","","",NA,"permit_holders",1,0,0,0,0,0,0,0,0,0,0,0,1,0,"never","weak","n","weather","iuu","corruption","pollution","decline_low",3,3,2,4,3,2,4,4,1,5,3,3,4,4,3,3,3,3,4,4,4,3,4,4,29,10,"primary",1500000,100,0
71,3049,4,"RR","GFW","IND","MAK","M",0,0,0,0,1,0,0,"share_employee",6,"w","y","y",1,0,0,0,0,0,0,0,0,0,0,0,1,1,1,"n","","","","","","","",0,0,1,0,1,0,0,0,0,0,0,100,0,0,"n","","",NA,"no_restrictions",0,0,0,0,0,0,1,0,0,0,1,1,0,0,"once_year","none","n","weather","pollution","iuu","corruption","no_change",4,4,4,2,2,2,5,4,3,5,5,3,4,4,3,4,3,3,4,4,3,3,3,3,55,40,"primary",2000000,100,40
72,3050,14,"WG","GFW","IND","MAK","M",0,0,0,1,0,0,0,"share_employee",7,"w","y","y",1,0,0,0,0,0,0,0,0,0,0,0,1,2,1,"y","n","","","","","","",0,0,1,0,0,0,0,0,0,NA,0,100,NA,NA,"y","cooperative","partner",20,"permit_holders",0,0,0,0,0,0,1,0,0,0,0,1,0,0,"few_year","weak","n","weather","corruption","pollution","","decline_high",3,4,2,3,4,1,4,4,1,5,5,5,3,3,3,3,3,3,4,4,4,3,4,4,41,20,"primary",2000000,100,0
73,3051,4,"RR","GFW","IND","MAK","M",0,0,0,0,0,0,1,"share_employee",7,"w","y","y",0,0,0,0,1,0,0,0,0,0,0,0,1,1,0,"","","","","n","n","n","n",0,0,1,0,0,0,0,0,0,0,0,100,0,0,"y","cooperative","partner",400,"no_restrictions",0,0,0,0,0,0,1,0,0,0,0,1,0,0,"never","none","n","weather","pollution","iuu","corruption","no_change",4,4,4,2,2,2,5,5,3,5,4,4,4,4,4,4,3,3,4,4,3,3,3,3,65,50,"primary",1500000,100,30
74,3052,8,"WG","GFW","IND","MAK","M",0,0,0,1,0,0,0,"share_employee",9,"w","y","y",1,0,0,0,0,0,0,0,0,0,0,0,1,2,1,"n","","","","","","","",0,1,1,0,0,0,0,0,0,NA,NA,100,NA,NA,"n","","",NA,"no_restrictions",0,0,0,1,0,0,0,0,0,0,0,0,1,0,"never","weak","y","pollution","weather","","","no_change",4,1,3,3,2,1,4,4,1,5,5,4,3,3,3,3,3,3,4,4,4,3,4,4,30,15,"primary",700000,100,0
75,3053,6,"RR","GFW","IND","MAK","M",0,0,0,0,0,0,1,"share_employee",7,"w","y","y",0,0,0,0,1,0,0,0,0,0,0,0,1,2,1,"n","","","","","","","",0,0,1,0,1,0,0,0,0,0,0,100,0,0,"y","cooperative","partner",400,"no_restrictions",0,0,0,0,0,0,1,0,0,0,0,1,0,0,"never","none","n","weather","pollution","iuu","corruption","decline_high",5,2,4,2,2,2,5,5,4,5,4,4,4,4,3,4,3,3,4,4,3,3,3,3,25,10,"primary",1500000,100,25
76,3054,2,"RR","GFW","IND","MAK","M",0,0,0,0,0,0,1,"share_employee",7,"w","y","y",1,0,0,0,0,0,0,0,0,0,0,0,1,1,1,"n","","","","","","","",0,1,1,1,1,0,0,0,0,NA,NA,NA,NA,NA,"n","","",NA,"no_restrictions",0,0,0,0,0,0,1,0,0,0,1,1,0,0,"once_year","none","n","weather","pollution","iuu","corruption","decline_high",5,2,4,2,2,2,5,5,3,5,4,3,3,4,3,4,3,3,4,4,3,3,3,3,20,5,"primary",1500000,100,20
77,3055,5,"WG","GFW","IND","MAK","M",0,0,0,1,0,0,0,"own",11,"w","y","y",0,0,0,0,1,0,0,0,0,0,0,0,1,2,0,"","","","","n","n","y","",0,1,1,0,0,0,0,0,0,NA,0,100,NA,NA,"n","","",NA,"permit_holders",1,0,0,1,0,0,0,0,0,0,1,0,0,0,"once_month","weak","y","weather","pollution","iuu","","no_change",3,4,5,1,4,1,4,5,1,5,5,5,2,2,3,3,3,3,2,2,4,3,4,1,45,20,"secondary",6000000,100,60
78,3056,15,"RR","GFW","IND","MAK","M",0,0,0,0,0,0,1,"share_employee",7,"w","y","y",1,0,0,0,0,0,0,0,0,0,0,0,1,1,1,"n","","","","","","","",0,1,1,1,1,0,0,0,0,0,0,100,0,0,"n","","",NA,"no_restrictions",0,0,0,0,0,0,1,0,0,0,0,1,0,0,"once_year","none","n","weather","pollution","iuu","corruption","decline_low",5,2,4,4,2,2,5,4,3,5,4,3,3,4,3,4,3,3,4,4,3,3,3,3,36,25,"primary",1500000,100,20
79,3057,16,"WG","GFW","IND","MAK","M",0,0,0,1,0,0,0,"share_employee",10,"w","y","y",0,0,0,0,1,0,0,0,0,0,0,0,1,2,1,"n","","","","","","","",0,0,1,0,0,0,0,0,0,5,0,95,0,0,"n","","",NA,"permit_holders",1,0,0,0,0,0,0,0,0,0,1,0,0,0,"few_year","weak","n","weather","pollution","iuu","","no_change",4,4,3,3,5,1,4,5,1,4,4,4,2,2,3,3,3,3,4,4,2,3,4,1,45,25,"primary",2500000,100,0
80,3058,16,"RR","GFW","IND","MAK","M",0,0,0,0,1,0,0,"share_employee",12,"w","y","y",1,0,0,0,0,0,0,0,0,0,0,0,1,1,1,"y","n","","","","","","",0,0,1,1,1,0,0,0,0,0,0,100,0,0,"n","","",NA,"permit_holders",1,0,0,0,0,0,0,0,0,0,1,1,0,0,"few_year","strong","n","weather","pollution","iuu","corruption","decline_low",4,2,4,2,2,2,5,4,3,5,4,3,4,4,3,4,3,3,4,4,3,3,3,3,38,25,"primary",2500000,100,30
81,3059,12,"WG","GFW","IND","MAK","M",0,0,1,0,0,0,0,"own",8,"w","y","y",0,0,0,0,1,0,0,0,0,0,0,0,1,2,0,"","","","","y","","","",0,0,1,0,0,0,0,0,0,NA,NA,100,NA,NA,"n","","",NA,"permit_holders",0,0,0,0,0,0,1,0,0,0,1,1,0,0,"once_week","weak","n","pollution","","","","decline_low",4,1,3,5,4,2,3,4,2,4,4,3,NA,2,3,3,3,3,2,2,2,3,2,2,64,50,"no_formal",2000000,100,50
82,4001,1,"RR","GFW","IND","MNC","M",0,0,0,0,1,0,0,"own",17,"w","y","y",1,0,0,0,0,1,0,0,1,0,0,0,NA,2,0,"","","","","y","","","",0,1,1,1,1,0,0,0,0,0,0,0,0,100,"n","","",NA,"permit_holders",1,1,0,0,0,0,0,0,0,0,0,0,0,1,"never","none","n","weather","pollution","corruption","iuu","decline_high",5,2,5,2,2,2,5,4,4,5,4,4,2,3,4,4,4,4,4,4,3,3,3,3,47,38,"primary",5000000,100,15
83,4002,2,"RR","GFW","IND","MNC","M",0,0,0,0,1,0,0,"share_employee",17,"w","y","y",1,0,0,0,0,1,0,0,0,0,0,0,0,1,1,"n","","","","","","","",0,1,1,1,0,0,0,1,0,0,0,0,0,100,"n","","",NA,"permit_holders",1,1,0,0,0,0,0,0,0,0,1,0,0,0,"never","none","n","weather","pollution","corruption","iuu","decline_low",NA,2,4,2,2,2,5,5,4,5,4,3,3,3,3,4,3,4,3,3,3,3,3,3,35,20,"primary",2000000,100,15
84,4003,3,"RR","GFW","IND","MNC","M",0,0,0,0,1,0,0,"own",15,"w","y","y",1,0,0,0,0,1,0,0,0,0,0,0,0,2,1,"y","y","n","","","","","",0,1,1,1,0,0,0,0,1,0,0,0,0,100,"y","other","partner",30,"permit_holders",1,1,0,0,0,0,0,0,0,0,0,1,0,0,"never","strong","y","weather","pollution","corruption","iuu","improve_low",5,2,5,2,2,2,5,5,4,5,4,3,1,3,4,3,3,4,3,3,3,3,3,2,36,10,"secondary",8000000,100,30
85,4004,4,"RR","GFW","IND","MNC","M",0,0,0,0,1,0,0,"own",17,"w","y","y",1,0,0,0,0,1,0,0,0,0,0,0,0,1,1,"n","","","","","","","",0,1,1,1,1,0,0,0,0,0,0,0,0,100,"n","","",NA,"permit_holders",1,0,0,0,0,0,0,0,0,0,0,0,1,0,"never","none","y","weather","pollution","iuu","corruption","improve_low",5,2,5,2,2,5,5,4,4,5,4,3,4,4,3,4,4,4,4,4,3,3,3,3,27,7,"secondary",2000000,100,20
86,4005,5,"RR","GFW","IND","MNC","M",0,0,0,0,1,0,0,"share_employee",17,"w","y","y",1,0,0,0,0,1,0,0,0,0,0,0,0,2,1,"y","n","","","","","","",0,1,1,1,1,0,0,0,0,0,0,0,0,100,"n","","",NA,"permit_holders",1,0,0,0,0,0,0,0,0,0,0,1,0,0,"never","strong","y","weather","pollution","iuu","corruption","improve_low",5,2,4,2,2,2,5,4,3,5,5,3,3,3,3,4,3,4,4,4,3,3,3,3,36,11,"secondary",3000000,100,20
87,4006,6,"RR","GFW","IND","MNC","M",0,0,0,0,1,0,0,"share_employee",17,"w","y","y",1,0,0,0,0,1,0,0,0,0,0,0,0,2,1,"y","n","","","","","","",0,1,1,1,1,0,0,0,0,0,0,0,0,100,"n","","",NA,"permit_holders",1,0,0,0,0,0,0,0,0,0,0,1,0,0,"never","strong","y","weather","pollution","iuu","corruption","improve_low",5,2,4,2,2,2,5,5,3,5,5,3,3,3,4,4,4,4,4,4,3,3,3,3,40,12,"secondary",2500000,100,20
88,4007,7,"RR","GFW","IND","MNC","M",0,0,0,0,1,0,0,"share_employee",17,"w","y","y",1,0,0,0,0,1,0,0,0,0,0,0,0,1,1,"y","n","","","","","","",0,1,1,1,1,0,0,0,0,0,0,0,0,100,"n","","",NA,"permit_holders",1,0,0,0,0,0,0,0,0,0,0,1,0,0,"never","strong","y","weather","pollution","iuu","corruption","improve_low",5,2,4,2,2,2,5,4,4,5,5,3,3,3,4,4,3,4,4,4,3,3,3,4,35,20,"secondary",2000000,100,20
89,4008,8,"RR","GFW","IND","MNC","M",0,0,0,0,1,0,0,"share_employee",17,"w","y","y",1,1,1,0,0,1,0,0,0,0,0,0,0,2,1,"y","n","","","","","","",0,1,1,1,1,0,0,0,0,0,0,0,0,100,"n","","",NA,"permit_holders",1,0,0,0,0,0,0,0,0,0,0,1,0,0,"never","strong","y","weather","pollution","iuu","corruption","improve_low",5,4,5,2,2,2,5,4,3,5,5,3,3,3,3,4,3,4,4,4,3,3,3,3,17,2,"secondary",2000000,100,20
90,4009,9,"RR","GFW","IND","MNC","M",0,0,0,0,1,0,0,"share_employee",17,"w","y","y",1,0,0,0,0,1,0,0,0,0,0,0,0,1,1,"y","n","","","","","","",0,0,1,0,1,0,0,0,0,0,0,0,0,100,"y","other","partner",25,"no_restrictions",1,0,0,0,0,0,0,0,0,0,0,1,0,0,"few_year","strong","y","weather","pollution","iuu","corruption","no_change",5,2,4,2,3,2,5,5,4,5,5,4,4,4,4,4,4,4,4,4,3,3,3,3,45,35,"primary",3000000,100,25
91,4010,10,"RR","GFW","IND","MNC","M",0,0,0,0,1,0,0,"own",17,"w","y","y",1,0,1,0,0,1,0,0,0,0,0,0,0,2,1,"y","n","","","","","","",0,0,0,0,1,0,0,0,0,0,0,0,0,100,"n","","",NA,"permit_holders",1,1,0,1,0,0,0,0,0,0,0,1,0,0,"never","strong","y","weather","pollution","iuu","corruption","decline_low",4,2,4,2,2,2,5,5,3,5,5,3,3,3,3,4,4,4,4,4,3,3,3,3,37,15,"secondary",6000000,100,25
92,4011,11,"RR","GFW","IND","MNC","M",0,0,0,1,0,0,0,"share_employee",17,"w","y","y",1,1,1,0,0,0,0,0,0,0,1,0,0,1,1,"y","n","","","","","","",0,1,1,1,1,0,0,0,0,0,0,0,0,100,"n","","",NA,"permit_holders",1,0,0,1,0,0,0,0,0,0,0,1,0,0,"never","strong","y","weather","pollution","iuu","corruption","decline_low",5,2,4,2,2,2,5,5,3,5,5,2,2,3,3,4,3,4,2,2,3,4,3,2,50,35,"primary",2500000,10,25
93,4012,12,"RR","GFW","IND","MNC","M",0,0,0,1,0,0,0,"own",17,"w","y","y",1,1,0,0,0,0,0,0,0,1,1,0,0,1,1,"y","y","n","","","","","",0,1,1,1,1,0,0,0,0,0,0,100,0,0,"n","","",NA,"permit_holders",1,0,0,0,0,0,0,0,0,0,0,1,0,0,"few_year","strong","n","weather","pollution","iuu","corruption","decline_high",4,2,4,2,4,2,5,4,4,5,5,3,4,3,3,4,3,4,4,4,3,3,3,3,27,8,"vocational",5000000,10,30
94,4013,13,"RR","GFW","IND","MNC","M",0,0,0,1,0,0,0,"share_employee",17,"w","y","y",1,1,0,0,0,0,0,0,0,0,1,0,0,2,1,"y","y","n","","","","","",0,1,1,1,1,0,0,0,0,0,0,100,0,0,"n","","",NA,"permit_holders",1,0,0,0,0,0,0,0,0,0,1,1,0,0,"never","strong","n","weather","iuu","pollution","corruption","decline_low",4,2,4,2,3,3,5,4,4,5,5,3,3,3,3,4,3,4,3,3,3,3,3,2,46,35,"primary",2000000,10,30
95,4014,14,"RR","GFW","IND","MNC","M",0,0,0,1,0,0,0,"own",20,"w","y","y",1,1,1,0,0,0,0,0,0,1,1,0,0,2,1,"y","y","n","","","","","",0,1,1,1,1,0,0,0,0,0,0,100,0,0,"n","","",NA,"permit_holders",1,0,0,0,0,0,0,0,0,0,1,1,0,0,"never","strong","n","weather","iuu","pollution","corruption","decline_low",5,2,4,2,2,2,5,5,3,5,5,1,4,4,4,4,4,4,4,4,3,3,3,2,30,10,"vocational",5000000,10,30
96,4015,15,"RR","GFW","IND","MNC","M",0,0,0,1,0,0,0,"own",16,"w","y","y",1,1,1,0,0,0,0,0,0,1,1,0,0,1,1,"y","y","n","","","","","",0,1,1,1,1,0,0,0,0,0,0,100,0,0,"n","","",NA,"permit_holders",1,0,0,0,0,0,0,0,0,0,1,1,0,0,"never","strong","n","weather","iuu","pollution","corruption","decline_high",4,2,4,4,2,2,5,4,1,5,5,1,3,3,3,4,4,4,4,2,3,3,3,2,30,11,"vocational",4500000,10,30
97,4016,16,"RR","GFW","IND","MNC","M",0,0,0,1,0,0,0,"own",16,"w","y","y",1,1,1,0,0,0,0,0,0,1,1,0,0,1,1,"y","y","n","","","","","",0,1,1,1,1,0,0,0,0,0,0,100,0,0,"n","","",NA,"permit_holders",1,0,0,0,0,0,0,0,0,0,1,1,0,0,"never","strong","n","corruption","weather","iuu","pollution","decline_high",5,2,4,2,2,2,5,4,1,5,5,1,1,3,3,4,4,4,3,3,3,3,3,2,36,20,"vocational",4500000,10,30
98,4017,1,"RR","GFW","IND","MNC","M",1,0,0,0,0,0,0,"own",11,"w","y","y",1,0,0,0,0,0,0,0,0,0,0,0,1,2,1,"n","","","","","","","",0,0,1,0,1,0,0,0,0,0,0,0,0,100,"n","","",NA,"permit_holders",1,0,0,0,0,0,0,0,0,0,0,1,0,0,"once_year","weak","n","weather","iuu","pollution","corruption","decline_high",5,2,4,2,2,4,5,4,3,5,4,3,3,3,3,4,4,4,3,3,3,3,3,3,37,10,"primary",1500000,10,20
99,4018,2,"RR","GFW","IND","MNC","M",0,0,0,0,1,0,0,"share_employee",6,"w","y","y",0,0,0,1,0,0,0,0,0,0,0,0,1,1,0,"","","","","n","n","n","n",0,0,1,0,0,0,0,0,0,0,0,100,0,0,"n","","",NA,"no_restrictions",0,0,0,0,0,0,1,0,0,0,1,1,0,0,"never","none","n","weather","pollution","iuu","corruption","no_change",4,2,4,2,2,2,5,4,2,5,5,3,3,3,3,3,3,4,4,4,3,3,3,3,55,40,"primary",1000000,10,15
100,4019,3,"RR","GFW","IND","MNC","M",1,0,0,0,0,0,0,"own",6,"w","y","y",NA,NA,NA,1,0,1,0,0,0,0,0,0,0,2,1,"y","n","","","","","","",0,0,1,1,1,0,0,0,0,0,0,0,0,100,"n","","",NA,"permit_holders",1,0,0,0,0,0,0,0,0,0,0,1,0,0,"once_year","moderate","n","weather","pollution","iuu","corruption","decline_high",4,2,4,2,2,2,5,5,3,5,5,3,4,4,4,4,3,4,4,4,3,3,3,3,50,35,"secondary",1500000,10,20
101,4020,5,"RR","GFW","IND","MNC","M",1,0,0,0,0,0,0,"own",6,"w","y","y",NA,NA,NA,1,0,1,0,0,0,0,0,0,0,2,1,"n","","","","","","","",0,0,1,1,1,0,0,0,0,0,0,100,0,0,"n","","",NA,"permit_holders",1,0,0,0,0,0,0,0,0,0,0,1,0,0,"once_year","moderate","n","weather","pollution","iuu","corruption","decline_low",4,2,4,2,2,2,5,4,3,5,5,2,3,3,3,3,3,4,4,4,3,3,3,3,45,30,"primary",1500000,10,25
102,4021,6,"RR","GFW","IND","MNC","M",1,0,0,0,0,0,0,"own",6,"w","y","y",0,0,0,1,0,1,0,0,0,0,0,0,0,1,1,"y","n","","","","","","",0,0,1,1,1,0,0,0,0,0,0,100,0,0,"n","","",NA,"permit_holders",1,0,0,0,0,0,0,0,0,0,0,1,0,0,"once_year","none","n","weather","pollution","iuu","corruption","no_change",4,2,4,2,2,2,5,4,3,5,5,3,3,4,4,4,3,4,4,4,3,3,3,3,40,20,"primary",2000000,10,20
103,4022,13,"RR","GFW","IND","MNC","M",1,0,0,0,0,0,0,"own",6,"w","y","y",1,0,0,0,0,1,0,0,0,0,0,0,0,2,1,"n","","","","","","","",0,0,1,1,1,0,0,0,0,0,0,0,0,0,"n","","",NA,"permit_holders",1,0,0,0,0,0,0,0,0,0,0,1,0,0,"once_year","weak","n","weather","pollution","iuu","corruption","decline_high",4,2,4,2,2,2,5,4,3,5,5,3,3,3,3,4,3,4,4,3,3,3,3,2,41,25,"primary",1500000,10,25
104,4023,15,"RR","GFW","IND","MNC","M",1,0,0,0,0,0,0,"share_employee",6,"w","y","y",0,0,0,1,0,1,0,0,0,0,0,0,0,1,1,"n","","","","","","","",0,0,1,1,1,0,0,0,0,0,0,100,0,0,"n","","",NA,"permit_holders",1,0,0,0,0,0,0,0,0,0,1,1,0,0,"once_year","weak","n","weather","pollution","iuu","corruption","decline_high",4,2,4,2,2,2,5,4,2,5,5,2,3,3,3,4,3,4,4,4,3,3,3,3,42,22,"primary",1500000,10,20
105,5001,7,"JS","Bren","MEX","PSC","M",0,0,0,1,1,0,1,"own",8,"fg","y","y",1,1,1,0,0,1,1,0,1,1,0,1,0,1,1,"y","y","y","y","","","","",1,0,0,0,1,0,1,0,0,0,NA,100,NA,0,"y","cooperative","partner",12,"permit_holders",1,0,1,0,0,0,0,0,0,0,0,1,0,0,"every_week","weak","n","corruption","iuu","weather","pollution","no_change",4,2,3,4,4,4,4,2,4,2,2,2,2,1,2,2,NA,NA,2,2,NA,0,0,2,53,30,"other",100000,NA,NA
106,5002,6,"JS","Bren","MEX","PSC","M",0,0,0,1,0,0,0,"own",7,"fg","y","y",1,1,0,0,0,1,1,0,0,0,1,0,0,2,1,"y","y","n","","","","","",0,0,1,0,1,0,1,0,0,NA,NA,0,0,100,"y","cooperative","director",9,"permit_holders",1,0,1,0,0,0,0,0,0,0,0,1,0,0,"every_week","moderate","n","iuu","pollution","corruption","weather","no_change",4,1,4,5,5,5,4,4,4,5,3,5,3,3,3,3,3,NA,3,3,3,0,0,0,59,42,"primary",150000,100,45
107,5003,8,"JS*","Bren","MEX","PSC","M",1,0,0,1,1,1,0,"own",8,"fg","y","y",1,1,1,0,0,1,1,0,0,1,1,1,0,1,1,"y","n","","","","","","",1,0,0,0,1,0,1,0,0,NA,NA,NA,90,NA,"y","cooperative","director",10,"permit_holders",1,0,1,0,0,0,0,0,0,0,0,1,0,0,"every_week","moderate","n","iuu","corruption","pollution","","no_change",5,2,3,5,5,5,4,5,4,3,3,1,4,3,2,4,1,4,4,4,3,4,4,4,33,15,"university",40000,100,50
108,5004,5,"JS","Bren","MEX","PSC","M",1,0,0,1,1,0,1,"own",8,"fg","y","y",1,1,0,0,0,1,1,0,0,0,1,0,1,2,1,"y","y","y","n","","","","",0,0,0,0,1,1,1,0,0,NA,NA,100,NA,NA,"y","cooperative","director",8,"permit_holders",1,1,1,0,0,0,0,0,0,0,0,1,0,0,"every_week","moderate","n","corruption","iuu","pollution","weather","decline_low",3,1,3,5,5,5,5,5,3,2,2,5,2,2,3,4,4,4,4,4,4,4,4,4,57,32,"primary",25000,100,15
109,5005,8,"JS","Bren","MEX","PSC","M",0,0,1,1,0,0,0,"own",7,"fg","y","y",1,1,1,0,0,1,1,0,0,0,1,1,0,1,1,"y","n","","","","","","",0,0,1,0,0,0,0,0,1,20,NA,80,0,NA,"y","cooperative","partner",20,"permit_holders",1,1,1,0,0,0,0,1,0,0,0,0,0,0,"every_week","moderate","n","corruption","iuu","pollution","weather","decline_high",4,2,3,4,4,4,4,4,4,3,3,1,3,3,5,5,NA,3,3,3,3,3,3,3,39,28,"primary",15000,100,60
110,5006,9,"JS","Bren","MEX","PSC","M",1,0,1,1,1,1,1,"own",8,"fg","y","y",1,1,1,0,0,1,1,0,0,0,1,0,0,1,1,"y","y","y","n","","","","",1,0,0,0,1,0,1,0,0,10,NA,90,NA,NA,"y","cooperative","director",7,"permit_holders",1,1,1,0,0,0,0,1,0,0,0,1,0,0,"every_week","none","n","iuu","corruption","weather","pollution","decline_low",2,1,2,5,5,5,4,4,4,2,2,2,2,2,2,2,2,2,2,2,2,0,0,0,58,45,"other",9000,100,15
111,5007,4,"JS","Bren","MEX","PSC","M",1,0,1,1,1,1,0,"own",7,"fg","y","y",1,0,1,0,0,1,1,0,0,0,1,1,0,1,1,"y","n","","","","","","",1,0,0,0,0,0,1,0,1,NA,NA,NA,100,NA,"y","cooperative","director",8,"permit_holders",1,1,1,0,0,0,0,0,0,0,0,1,0,1,"every_week","moderate","n","corruption","iuu","weather","pollution","decline_low",4,2,4,5,5,5,5,4,4,1,1,1,2,2,2,2,2,2,2,2,2,0,0,4,65,58,"primary",115000,90,30
112,5008,2,"JS*","Bren","MEX","PSC","M",1,0,1,0,0,1,0,"own",8,"fg","y","y",1,1,1,0,0,1,1,0,0,0,1,1,0,1,1,"y","n","","","","","","",1,1,0,0,0,0,1,0,0,NA,NA,100,NA,NA,"y","cooperative","director",17,"permit_holders",1,NA,1,0,NA,NA,0,0,0,0,0,1,0,0,"few_year","none","n","iuu","pollution","weather","corruption","no_change",4,4,2,5,5,5,5,4,4,5,4,4,4,4,4,4,2,2,4,4,3,0,0,4,64,52,"primary",8000,100,30
113,5009,16,"JS*","Bren","MEX","PSC","M",1,0,1,1,1,0,0,"share_collective",8,"fg","y","y",1,0,1,0,0,1,1,0,0,0,1,1,0,2,1,"y","y","y","y","","","","",1,0,0,0,0,1,0,1,0,5,0,0,5,90,"y","cooperative","director",20,"permit_holders",1,1,1,0,0,1,0,0,0,0,0,1,0,0,"every_week","weak","n","iuu","corruption","pollution","weather","no_change",5,3,1,4,5,5,2,2,4,2,3,2,2,2,4,5,5,5,3,3,4,0,0,5,42,22,"university",25000,100,45
114,5010,11,"JS","Bren","MEX","PSC","M",1,0,0,1,1,1,0,"own",8,"fg","y","y",1,1,1,0,0,1,1,0,0,0,1,1,0,1,1,"y","y","y","n","","","","",1,0,0,0,1,1,0,0,0,NA,NA,100,NA,NA,"y","cooperative","partner",7,"permit_holders",1,1,1,0,0,0,0,0,0,0,0,1,0,0,"every_week","none","n","corruption","iuu","pollution","weather","decline_low",2,2,2,4,4,4,4,3,4,4,2,2,1,1,1,1,1,1,1,1,3,2,2,2,42,30,"primary",30000,100,30
115,5011,15,"JS","Bren","MEX","PSC","M",0,0,0,1,0,0,1,"own",8,"fg","y","y",1,1,1,0,0,1,1,0,0,0,1,1,0,1,1,"y","y","y","n","","","","",1,1,0,0,0,0,1,0,0,NA,NA,NA,100,NA,"y","cooperative","director",8,"permit_holders",1,NA,1,0,NA,NA,0,0,0,0,0,1,0,0,"every_week","weak","n","iuu","corruption","pollution","weather","no_change",5,4,4,5,5,4,2,4,4,4,1,1,3,3,1,NA,4,4,2,2,2,4,0,2,47,26,"secondary",16000,100,30
116,5012,13,"JS*","Bren","MEX","PSC","M",0,0,0,1,1,0,0,"share_collective",8,"fg","y","y",1,1,0,0,0,1,1,0,0,0,1,1,0,1,1,"y","n","","","","","","",0,0,1,0,0,0,1,0,1,NA,NA,NA,100,NA,"y","cooperative","partner",8,"permit_holders",1,NA,1,0,NA,NA,0,0,0,0,0,1,0,0,"once_month","moderate","n","iuu","weather","corruption","pollution","decline_low",4,2,4,4,4,4,4,3,2,3,2,2,3,2,NA,NA,4,NA,1,3,4,0,4,2,52,15,"primary",8000,100,50
117,5013,14,"JS*","Bren","MEX","PSC","M",1,0,0,1,0,0,0,"share_employee",8,"fg","y","y",1,1,1,0,0,1,0,0,0,0,1,1,0,2,1,"y","y","y","y","","","","",1,0,0,0,1,0,0,0,1,NA,NA,NA,NA,100,"y","cooperative","partner",15,"permit_holders",1,NA,1,0,NA,NA,0,1,0,0,0,1,0,0,"every_week","moderate","n","corruption","pollution","weather","iuu","decline_low",4,2,4,4,5,5,4,2,4,4,3,2,2,3,3,4,4,4,3,4,3,0,0,0,26,10,"secondary",6000,100,20
118,5014,2,"JS","Bren","MEX","PSC","M",1,0,1,1,1,0,1,"share_employee",7,"fg","y","y",1,1,1,0,0,1,1,0,0,0,1,1,0,1,1,"y","y","n","","","","","",1,1,0,0,0,1,0,0,0,5,NA,NA,NA,95,"y","cooperative","partner",13,"permit_holders",1,0,1,0,0,0,0,1,0,0,0,1,0,0,"every_week","weak","n","iuu","corruption","pollution","weather","decline_high",4,3,3,5,5,3,5,3,3,4,3,1,2,2,3,3,3,3,2,2,2,4,4,4,30,15,"university",7500,50,10
119,5015,10,"JS","Bren","MEX","PSC","M",1,0,1,1,1,1,1,"own",7,"fg","y","y",0,0,0,0,1,1,1,0,0,0,1,1,0,2,1,"y","y","y","y","","","","",1,0,0,0,0,0,1,0,1,NA,NA,NA,NA,100,"y","cooperative","director",14,"permit_holders",1,0,1,0,0,0,0,0,0,0,0,1,0,0,"every_week","weak","n","pollution","corruption","iuu","weather","decline_high",4,3,2,5,5,5,5,5,4,2,3,2,1,1,2,3,4,2,3,3,3,0,3,3,48,35,"secondary",10000,40,20
120,5016,3,"JS","Bren","MEX","PSC","M",0,0,0,0,0,0,1,"own",7,"fg","y","y",1,1,1,0,0,1,0,0,0,0,1,1,0,1,0,"","","","","y","","","",1,0,0,0,0,1,0,0,0,NA,NA,NA,NA,100,"n","","",NA,"permit_holders",0,1,1,0,1,1,0,0,0,0,0,1,0,0,"every_week","weak","n","corruption","iuu","weather","pollution","decline_low",5,3,2,4,5,5,5,5,5,3,1,1,1,1,1,1,1,1,1,1,1,3,1,1,34,16,"other",45000,100,10
121,5017,6,"JS","Bren","MEX","PSC","M",0,0,0,1,1,0,1,"share_collective",7,"fg","y","y",1,0,1,0,0,1,1,0,0,0,1,1,0,2,1,"y","y","y","y","","","","",1,0,1,0,0,0,0,1,0,NA,NA,NA,NA,100,"y","cooperative","director",16,"other",1,0,1,0,0,0,0,0,0,0,0,1,0,0,"every_week","weak","n","pollution","corruption","iuu","weather","no_change",4,4,4,4,4,2,4,4,4,4,2,2,2,2,2,4,4,4,2,2,2,0,0,0,41,30,"secondary",30000,0,50
122,5018,7,"JS","Bren","MEX","PSC","M",0,0,0,0,1,0,0,"share_collective",8,"fg","y","y",1,0,0,0,0,1,1,0,0,0,1,1,0,1,1,"y","y","y","y","","","","",0,0,1,0,1,1,0,0,0,NA,NA,100,NA,NA,"y","cooperative","director",7,"permit_holders",1,NA,1,0,NA,NA,0,0,0,0,0,1,0,0,"every_week","moderate","n","corruption","pollution","iuu","weather","decline_low",NA,2,2,4,4,4,4,2,3,4,4,2,3,3,4,4,1,1,2,2,1,0,4,3,50,25,"secondary",10000,100,20
123,5019,2,"JS","Bren","MEX","PSC","M",0,0,0,0,1,0,1,"share_collective",8,"fg","y","y",1,1,1,0,0,1,1,0,0,0,1,1,0,1,1,"y","y","y","n","","","","",1,0,0,0,0,0,1,0,1,NA,NA,NA,NA,100,"y","cooperative","partner",10,"permit_holders",1,NA,1,0,NA,NA,0,1,0,0,0,1,0,0,"every_week","moderate","n","corruption","pollution","iuu","weather","decline_low",4,2,4,4,4,2,2,4,2,5,3,2,2,2,3,3,2,NA,3,3,3,0,0,0,41,20,"secondary",10000,100,0
124,5020,16,"JS","Bren","MEX","PSC","M",1,0,0,1,1,0,1,"share_collective",7,"fg","y","y",1,1,1,0,0,1,0,0,0,0,1,1,0,2,0,"","","","","y","","","",0,1,1,0,0,0,1,0,0,NA,NA,NA,NA,100,"y","cooperative","partner",8,"permit_holders",1,NA,1,0,NA,NA,0,0,0,0,0,1,0,1,"every_week","moderate","n","pollution","iuu","corruption","weather","decline_high",3,2,4,4,3,4,4,4,3,3,3,2,3,2,3,4,3,NA,3,3,2,0,0,0,47,20,"other",15000,100,30
125,5021,14,"JS","Bren","MEX","PSC","M",1,0,1,0,1,0,1,"share_employee",8,"fg","y","y",1,1,1,0,0,1,1,0,0,0,1,0,0,1,1,"y","y","y","y","","","","",0,0,1,1,0,0,1,0,0,0,NA,NA,NA,NA,"y","cooperative","apprentice",NA,"permit_holders",1,NA,1,0,NA,NA,0,0,0,0,0,1,0,0,"","weak","n","pollution","iuu","corruption","weather","improve_low",4,2,4,4,4,2,4,4,4,4,4,2,3,3,3,3,5,3,3,3,3,0,0,0,19,5,"other",12000,100,50
126,5023,3,"JS","Bren","MEX","PSC","M",1,0,1,1,1,0,1,"own",8,"fg","y","y",1,0,0,0,0,1,1,0,0,0,1,1,0,2,1,"y","y","y","y","","","","",0,0,1,0,0,0,1,0,1,NA,NA,100,NA,NA,"y","cooperative","director",10,"permit_holders",1,NA,1,0,NA,NA,0,1,0,0,0,1,0,0,"every_week","moderate","n","corruption","iuu","pollution","weather","decline_low",2,2,3,4,4,4,4,4,2,3,2,1,1,3,1,1,1,NA,1,1,1,0,0,0,48,30,"secondary",8000,100,30
127,5024,14,"JS","Bren","MEX","PSC","M",1,0,0,1,0,0,0,"own",8,"fg","y","y",1,0,1,0,0,1,1,0,0,0,1,1,0,1,0,"","","","","n","n","n","n",1,0,1,0,0,1,0,0,0,5,NA,95,NA,NA,"y","cooperative","director",11,"permit_holders",1,NA,1,0,NA,NA,0,1,0,0,0,1,0,0,"every_week","none","n","corruption","iuu","pollution","weather","no_change",2,4,4,4,4,4,2,4,4,2,3,2,2,3,2,3,3,NA,3,2,3,0,0,3,43,25,"other",7000,100,40
128,5025,13,"JS","Bren","MEX","PSC","M",1,0,0,1,1,1,1,"share_employee",7,"fg","y","y",1,1,1,0,0,1,1,0,0,0,1,1,0,2,0,"","","","","n","n","n","n",1,0,0,0,1,0,1,0,0,NA,NA,NA,100,NA,"y","cooperative","partner",15,"permit_holders",1,NA,1,0,NA,NA,0,0,0,0,0,1,0,0,"every_week","moderate","n","corruption","iuu","pollution","weather","",2,4,3,5,5,5,5,5,2,4,3,2,2,2,2,2,4,4,3,3,3,4,3,2,27,15,"university",7000,50,20
129,5026,1,"JS","Bren","MEX","PSC","M",1,0,1,0,1,0,0,"own",9,"fg","y","y",1,0,0,0,0,1,1,0,0,0,1,1,0,2,1,"y","y","y","y","","","","",1,0,0,1,0,0,0,0,1,NA,NA,100,NA,NA,"y","cooperative","director",8,"permit_holders",1,0,1,0,0,0,0,1,0,0,0,1,0,0,"every_week","moderate","n","pollution","corruption","iuu","weather","no_change",4,1,4,4,4,3,4,4,4,4,4,4,4,2,4,4,4,4,4,4,4,0,0,4,60,45,"primary",30000,100,50
130,5027,4,"JS","Bren","MEX","PSC","M",1,0,1,0,1,0,0,"own",7,"fg","y","y",1,1,0,0,0,0,1,0,0,0,1,1,0,1,1,"y","y","y","n","","","","",1,0,0,0,1,1,0,0,0,5,5,90,NA,NA,"y","cooperative","partner",5,"permit_holders",1,0,1,0,0,0,0,0,0,0,0,1,0,0,"every_week","moderate","y","iuu","corruption","pollution","weather","no_change",1,3,2,5,5,5,5,3,5,3,3,3,2,2,4,4,3,3,2,2,2,0,4,4,30,15,"university",8000,100,50
131,5028,5,"JS","Bren","MEX","PSC","M",0,0,1,0,1,0,1,"own",8,"fg","y","y",1,1,1,0,0,1,1,0,0,0,1,1,0,2,1,"y","n","","","","","","",0,0,0,1,0,0,1,0,1,NA,NA,0,NA,100,"y","cooperative","director",12,"permit_holders",1,0,1,0,0,0,0,1,0,0,0,1,0,0,"every_week","moderate","n","pollution","corruption","iuu","weather","decline_high",4,2,3,5,5,5,3,4,4,4,3,2,1,1,4,3,4,3,2,2,2,0,5,3,43,27,"primary",15000,60,50
132,5029,9,"JS*","Bren","MEX","PSC","M",1,0,0,1,1,1,0,"own",8,"fg","y","y",1,1,1,0,0,1,1,0,0,0,1,1,0,1,1,"y","y","n","","","","","",1,0,0,0,0,1,0,1,0,NA,NA,NA,NA,100,"n","","",NA,"",1,NA,1,0,NA,NA,0,1,0,0,0,1,0,0,"every_week","weak","n","corruption","iuu","weather","pollution","improve_high",4,2,4,4,4,4,4,4,2,3,2,1,3,2,4,3,4,NA,2,2,2,0,0,0,21,6,"secondary",20000,100,25
133,5030,11,"JS*","Bren","MEX","PSC","M",1,0,1,1,1,0,1,"own",8,"fg","y","y",1,1,1,0,0,1,1,0,0,0,1,1,0,1,1,"y","y","y","y","","","","",0,0,0,0,1,0,1,0,1,NA,NA,NA,NA,100,"y","cooperative","partner",23,"permit_holders",1,0,1,0,0,0,0,0,0,0,0,1,0,0,"every_week","none","n","pollution","iuu","corruption","weather","no_change",3,4,4,4,5,2,5,4,4,5,4,2,2,2,5,5,4,4,4,4,4,0,0,0,50,30,"primary",8000,100,50
134,5031,15,"JS","Bren","MEX","PSC","M",0,0,1,0,0,0,0,"own",7,"fg","y","n",1,1,0,0,0,0,1,0,0,0,1,1,0,1,1,"y","y","n","","","","","",1,0,0,0,0,0,0,0,0,NA,NA,100,NA,NA,"y","cooperative","director",7,"permit_holders",1,1,1,0,0,0,0,0,0,0,0,1,0,0,"every_week","moderate","n","corruption","pollution","iuu","weather","no_change",4,2,2,4,4,4,4,2,2,4,2,4,4,4,2,4,NA,NA,NA,NA,NA,0,0,0,63,20,"no_formal",6000,50,50
135,5032,12,"JS","Bren","MEX","PSC","M",0,0,0,0,1,0,1,"share_employee",10,"fg","y","y",1,1,1,0,0,1,1,0,0,0,1,1,0,1,0,"","","","","y","","","",1,0,0,0,1,0,1,0,0,NA,NA,NA,NA,60,"y","cooperative","partner",10,"permit_holders",1,NA,1,0,NA,NA,0,1,0,0,0,1,0,0,"every_week","moderate","n","weather","pollution","iuu","corruption","improve_high",3,1,5,5,5,1,4,2,4,4,4,4,2,2,4,4,4,2,4,4,2,4,0,4,22,10,"secondary",15000,100,25
136,5033,12,"JS*","Bren","MEX","PSC","M",1,0,0,1,1,0,0,"own",6,"fg","y","y",1,1,1,0,0,0,0,0,0,0,1,1,0,1,1,"y","y","n","","","","","",1,0,0,0,0,0,0,0,0,NA,NA,NA,NA,100,"n","","",NA,"permit_holders",1,NA,1,0,NA,NA,0,0,0,0,0,1,0,0,"other","weak","n","pollution","corruption","iuu","weather","decline_high",4,2,4,4,4,4,2,4,2,4,2,2,1,4,4,4,4,2,4,4,4,NA,NA,NA,45,35,"primary",12000,100,15
137,5034,8,"JS*","Bren","MEX","PSC","F",0,0,0,1,1,0,0,"own",8,"fg","y","y",1,0,0,0,0,0,0,0,0,0,1,0,0,2,1,"y","y","n","","","","","",1,0,0,0,0,0,0,1,1,NA,20,NA,0,80,"y","cooperative","director",6,"permit_holders",1,NA,1,0,NA,NA,0,0,0,0,0,1,0,0,"every_week","moderate","n","corruption","pollution","iuu","weather","decline_high",4,2,4,4,4,2,4,2,4,5,5,2,2,1,4,NA,4,NA,3,4,3,NA,NA,NA,63,42,"primary",10000,100,30
138,5035,1,"JS**","Bren","MEX","PSC","M",1,0,1,1,1,1,1,"own",8,"fg","y","y",0,0,0,0,1,1,1,0,0,0,1,1,0,2,1,"y","y","y","n","","","","",1,0,0,1,0,0,0,0,1,NA,NA,NA,0,100,"y","cooperative","partner",8,"permit_holders",1,NA,1,0,1,NA,0,0,0,0,0,1,0,0,"every_week","strong","n","iuu","weather","pollution","corruption","decline_low",5,2,3,4,5,3,2,5,3,4,2,4,2,5,5,5,4,NA,4,4,3,0,0,4,44,23,"secondary",27000,100,30
139,5036,6,"JS","Bren","MEX","PSC","M",1,1,1,1,1,1,1,"own",7,"fg","y","y",1,1,1,0,0,0,0,0,0,0,1,0,0,2,0,"","","","","n","n","n","n",1,0,0,0,1,0,0,1,0,NA,NA,NA,NA,100,"n","","",NA,"permit_holders",1,1,1,0,0,0,0,0,0,0,0,1,0,0,"every_week","moderate","n","iuu","corruption","pollution","weather","no_change",5,2,2,5,5,5,5,4,4,1,1,1,3,1,4,NA,4,2,1,1,1,4,3,0,31,15,"secondary",15000,100,50
140,5037,7,"JS","Bren","MEX","PSC","M",1,0,1,1,0,0,1,"own",7,"fg","y","y",1,1,1,0,0,1,1,0,0,0,1,1,0,1,1,"y","y","y","n","","","","",1,0,0,0,0,1,1,0,0,NA,NA,50,NA,50,"n","","",NA,"permit_holders",1,NA,1,0,NA,NA,0,0,0,0,0,1,0,0,"","weak","n","corruption","pollution","iuu","weather","no_change",1,1,5,5,5,5,5,3,4,3,5,1,1,3,4,5,5,5,5,5,4,4,0,5,36,19,"no_formal",30000,100,50
141,5038,16,"JS","Bren","MEX","PSC","M",1,0,1,1,1,1,1,"share_employee",8,"fg","y","y",1,1,1,0,0,1,1,0,0,0,1,0,0,2,1,"y","y","y","n","","","","",1,1,0,0,0,1,0,0,0,NA,NA,NA,NA,100,"y","cooperative","apprentice",8,"permit_holders",1,NA,1,0,NA,NA,0,0,0,0,0,1,0,0,"every_week","moderate","n","iuu","corruption","pollution","weather","no_change",4,4,2,5,5,5,5,4,1,4,4,3,1,2,4,4,4,4,3,3,3,5,4,1,19,6,"other",12000,100,30
142,5039,11,"JS","Bren","MEX","PSC","M",1,0,1,1,1,1,0,"share_collective",7,"fg","y","y",1,1,1,1,0,1,1,0,0,0,1,1,0,1,1,"y","y","y","y","","","","",0,0,0,1,0,0,1,1,0,NA,NA,NA,NA,100,"y","cooperative","partner",8,"permit_holders",1,NA,1,0,NA,NA,0,0,0,0,0,1,0,0,"every_week","weak","n","corruption","pollution","iuu","weather","decline_low",4,2,2,5,4,5,4,5,2,4,2,1,1,1,3,4,4,2,2,3,2,0,0,0,40,22,"university",20000,100,60
143,5040,7,"JS","Bren","MEX","PSC","M",1,0,1,1,1,0,0,"own",7,"fg","y","y",1,0,0,0,0,1,1,0,0,0,1,1,0,1,1,"y","y","y","y","","","","",1,1,0,0,0,1,0,0,0,NA,NA,NA,NA,100,"y","cooperative","partner",16,"permit_holders",1,NA,1,0,NA,NA,0,0,0,0,0,1,0,0,"once_month","moderate","n","corruption","pollution","iuu","weather","decline_high",4,3,4,5,5,4,2,2,4,2,3,1,1,1,1,2,4,4,2,2,2,0,0,4,53,34,"other",60000,45,45
144,5041,15,"JS","Bren","MEX","PSC","M",0,0,0,0,0,0,1,"own",7,"fg","y","n",1,1,1,0,0,0,0,0,0,0,1,0,0,1,1,"y","n","","","","","","",1,1,1,0,0,0,0,0,0,20,0,0,NA,80,"n","","",NA,"permit_holders",1,NA,1,0,NA,NA,0,0,0,0,0,1,0,0,"every_week","moderate","n","pollution","corruption","iuu","weather","no_change",5,3,4,5,5,5,2,5,3,1,3,1,2,3,3,4,4,3,2,4,2,0,0,0,30,23,"secondary",30000,100,80
145,5042,5,"JS","Bren","MEX","PSC","M",0,0,0,1,1,0,1,"own",7,"fg","y","n",1,0,1,0,0,1,1,0,0,0,1,0,0,2,1,"y","y","y","y","","","","",1,1,0,0,0,0,1,0,0,NA,NA,NA,NA,100,"y","cooperative","partner",10,"permit_holders",1,NA,1,0,NA,NA,0,1,0,0,0,1,0,0,"every_week","weak","n","iuu","pollution","corruption","weather","decline_low",4,2,4,4,5,5,2,4,3,2,1,2,1,2,4,4,4,4,2,3,2,0,0,0,27,7,"other",33000,100,40
146,5043,13,"JS","Bren","MEX","PSC","M",0,0,0,0,0,0,1,"own",8,"fg","y","y",1,0,0,0,0,0,0,0,0,0,1,0,0,1,1,"y","y","y","n","","","","",1,0,1,0,0,1,0,0,0,NA,NA,NA,NA,100,"n","","",NA,"permit_holders",1,NA,1,0,1,NA,0,0,0,0,0,1,0,0,"every_week","none","n","corruption","iuu","pollution","weather","decline_high",4,1,1,5,5,5,5,5,2,2,2,1,2,2,2,4,3,NA,2,2,2,0,0,4,41,23,"secondary",13000,100,20
147,5044,13,"JS","Bren","MEX","PSC","M",1,0,1,1,1,1,0,"own",8,"fg","y","y",1,1,1,0,0,1,1,0,0,0,1,1,0,2,0,"","","","","y","","","",1,0,1,0,1,0,0,0,0,NA,NA,NA,NA,100,"y","cooperative","partner",15,"permit_holders",1,NA,1,0,NA,NA,0,0,0,0,0,1,0,0,"","moderate","n","pollution","iuu","corruption","weather","decline_high",4,4,3,4,4,4,4,4,4,4,2,2,2,2,2,2,3,3,2,2,2,0,0,0,52,39,"primary",15000,100,35
148,5045,4,"JS","Bren","MEX","PSC","M",1,0,1,1,1,0,1,"share_employee",8,"fg","y","y",1,0,1,0,0,1,1,0,0,0,1,1,0,1,1,"y","y","y","y","","","","",0,1,1,0,1,0,0,0,0,NA,NA,NA,NA,100,"n","","",NA,"permit_holders",1,NA,1,0,NA,NA,0,0,0,0,0,1,0,0,"every_week","weak","n","pollution","iuu","corruption","weather","no_change",3,2,4,5,4,4,4,5,3,4,2,2,2,2,3,3,3,2,2,2,2,0,3,0,19,2,"other",15000,85,NA
149,5046,10,"JS","Bren","MEX","PSC","M",0,0,0,1,1,0,1,"share_collective",8,"fg","y","y",1,1,1,1,0,1,1,0,0,0,1,0,0,2,1,"y","y","y","y","","","","",1,0,0,0,1,1,0,0,0,NA,NA,NA,NA,100,"y","cooperative","partner",12,"permit_holders",0,1,1,0,0,0,0,0,0,0,0,1,0,0,"every_week","moderate","n","corruption","pollution","iuu","weather","improve_low",4,3,3,5,5,5,2,4,5,4,2,2,1,1,3,3,4,4,4,4,2,0,0,4,20,4,"other",20000,70,30
150,5047,2,"JS","Bren","MEX","PSC","M",0,0,0,0,0,0,1,"own",8,"fg","y","y",1,0,0,0,0,0,0,0,0,0,1,0,0,1,1,"y","y","y","y","","","","",0,1,1,0,0,1,0,0,0,NA,NA,NA,NA,100,"y","cooperative","partner",8,"permit_holders",0,1,1,0,0,0,0,0,0,0,0,1,0,0,"every_week","moderate","n","corruption","pollution","weather","iuu","improve_low",4,1,2,4,4,4,4,4,4,5,2,2,2,1,4,4,4,NA,4,4,NA,0,0,0,59,38,"primary",25000,100,50
151,6001,1,"JS","Bren","MEX","ALT","M",0,0,1,1,1,0,0,"own",7,"fg","y","y",1,0,1,0,0,0,0,0,0,0,1,1,0,2,1,"y","y","n","","","","","",0,0,0,0,0,1,1,1,0,NA,NA,NA,NA,100,"y","cooperative","partner",26,"other",1,0,1,1,0,1,0,1,0,0,0,1,0,0,"other","strong","y","pollution","iuu","corruption","weather","no_change",5,2,4,4,4,4,4,5,4,4,3,4,4,4,4,3,3,3,4,4,3,4,0,0,27,13,"other",6000,100,20
152,6002,3,"JS","Bren","MEX","ALT","M",0,0,0,1,1,0,0,"own",7,"fg","y","y",1,1,1,0,0,1,1,0,0,1,1,1,0,2,1,"y","y","y","y","","","","",1,1,0,0,1,0,0,0,0,NA,NA,NA,NA,100,"y","cooperative","partner",18,"other",1,0,1,1,0,0,0,1,0,0,0,1,0,0,"other","weak","y","pollution","iuu","corruption","weather","decline_low",4,1,2,4,4,4,2,1,4,4,2,4,4,2,4,4,2,4,4,4,4,0,0,0,25,5,"other",15000,100,50
153,6003,9,"JS","Bren","MEX","ALT","M",0,0,0,0,1,0,0,"own",7,"fg","y","y",1,1,1,0,0,0,0,0,0,0,0,1,0,1,1,"y","n","","","","","","",1,0,0,0,0,0,1,0,1,NA,NA,NA,NA,100,"y","cooperative","partner",18,"other",1,0,1,1,0,0,0,1,0,0,0,1,0,0,"other","strong","n","pollution","iuu","corruption","weather","decline_high",4,3,4,5,2,2,5,3,2,3,2,4,4,4,4,4,4,4,4,4,4,0,4,0,41,15,"primary",8000,100,50
154,6004,10,"JS","Bren","MEX","ALT","M",0,0,0,0,1,0,0,"own",7,"fg","y","y",1,0,1,0,0,1,0,0,0,0,0,1,0,2,1,"n","","","","","","","",0,1,1,0,0,0,0,0,0,NA,NA,NA,NA,100,"y","cooperative","partner",20,"other",1,0,1,1,0,0,0,1,0,0,0,1,0,0,"every_week","moderate","y","iuu","pollution","weather","corruption","decline_low",3,1,4,4,2,2,4,4,4,4,4,4,4,4,4,4,4,4,4,4,4,0,4,4,56,36,"primary",4000,100,40
155,6005,12,"JS","Bren","MEX","ALT","M",1,0,1,0,1,0,0,"own",7,"fg","y","y",NA,NA,NA,NA,NA,0,0,0,0,0,0,1,0,1,1,"n","","","","","","","",1,0,0,0,0,0,1,0,0,NA,NA,NA,NA,100,"y","cooperative","director",84,"other",1,0,1,1,0,0,0,1,0,0,0,1,0,0,"every_week","moderate","y","pollution","iuu","corruption","weather","improve_low",4,2,4,4,2,2,4,4,2,5,4,4,5,1,5,5,5,4,4,4,NA,4,0,4,56,44,"primary",30000,100,20
156,6006,1,"JS","Bren","MEX","ALT","M",0,0,0,0,1,0,0,"own",7,"fg","y","y",1,1,1,0,0,0,0,0,0,1,1,1,0,2,0,"","","","","n","n","n","n",1,0,0,0,0,0,1,0,1,NA,NA,NA,NA,100,"y","cooperative","partner",26,"other",1,0,1,1,0,1,0,0,0,0,0,1,0,0,"every_week","moderate","y","iuu","corruption","pollution","weather","no_change",4,3,4,5,4,2,4,4,3,4,2,4,4,2,4,4,4,4,4,2,4,4,4,4,33,10,"other",13000,100,25
157,6007,3,"JS","Bren","MEX","ALT","M",0,0,0,0,1,0,0,"own",7,"fg","y","y",0,0,0,0,1,0,0,0,0,1,0,1,0,2,1,"n","","","","","","","",1,1,0,0,0,1,0,0,0,NA,NA,NA,NA,100,"y","cooperative","partner",99,"other",1,0,1,1,0,0,0,0,0,0,0,1,0,0,"other","strong","y","corruption","iuu","pollution","weather","no_change",4,4,4,4,2,2,4,4,2,4,2,4,1,1,4,3,3,3,4,4,4,0,4,4,54,35,"primary",7000,50,20
158,6008,9,"JS","Bren","MEX","ALT","M",0,0,0,0,1,0,0,"share_employee",7,"fg","y","y",0,0,0,0,1,1,0,0,0,0,1,1,0,1,1,"y","y","y","n","","","","",0,0,0,0,1,0,0,1,1,NA,NA,NA,NA,100,"y","cooperative","partner",96,"other",1,0,1,1,0,0,0,0,0,0,0,1,0,0,"other","none","y","pollution","corruption","iuu","weather","decline_low",3,2,4,5,5,5,5,5,5,3,4,4,4,1,5,NA,4,3,5,3,4,0,0,0,55,38,"university",20350,30,20
159,6009,10,"JS","Bren","MEX","ALT","M",0,0,0,0,1,0,0,"own",7,"fg","y","y",0,0,0,0,1,0,0,0,0,1,0,1,0,2,1,"y","y","y","n","","","","",1,0,0,0,0,0,1,0,1,NA,NA,NA,NA,100,"y","cooperative","partner",99,"other",1,0,1,1,0,0,0,0,0,1,0,1,0,0,"every_week","moderate","y","iuu","corruption","pollution","weather","decline_low",3,2,4,5,4,2,5,4,4,3,3,4,4,2,5,5,5,2,3,4,1,0,0,0,60,42,"secondary",10000,100,40
160,6010,12,"JS","Bren","MEX","ALT","M",1,0,1,1,1,0,0,"own",8,"fg","y","y",1,1,1,0,0,1,0,0,0,1,1,1,0,1,1,"y","y","n","","","","","",1,0,0,0,1,0,1,0,0,NA,NA,NA,NA,100,"y","cooperative","director",96,"other",1,0,1,1,0,0,0,0,0,0,0,1,0,0,"other","moderate","y","pollution","corruption","iuu","weather","no_change",4,2,4,5,2,2,4,4,4,4,4,5,2,1,5,4,3,1,4,4,5,4,4,3,50,35,"primary",5000,100,50
161,6011,1,"JS","Bren","MEX","ALT","M",0,0,0,0,1,0,0,"own",7,"fg","y","y",1,1,1,0,0,0,0,0,0,1,1,1,0,2,1,"y","n","","","","","","",1,0,0,0,1,0,1,0,0,NA,NA,NA,NA,100,"y","cooperative","partner",98,"other",1,0,1,1,0,0,0,0,0,0,0,1,0,0,"every_week","moderate","y","pollution","iuu","weather","corruption","no_change",4,4,3,4,2,2,4,2,2,2,3,4,3,4,4,4,4,3,3,3,2,0,4,4,59,40,"primary",8000,50,30
162,6012,6,"JS","Bren","MEX","ALT","M",0,0,0,0,1,0,1,"own",22,"fg","y","y",0,0,0,1,0,0,0,0,0,1,0,1,0,2,1,"y","y","y","y","","","","",1,0,0,0,0,0,1,0,1,10,NA,0,NA,90,"y","cooperative","partner",96,"other",1,1,1,1,0,0,0,1,0,0,0,1,0,0,"","severe","y","pollution","iuu","corruption","weather","improve_low",4,3,4,4,2,2,5,4,4,3,2,5,2,2,4,2,3,5,5,5,3,0,3,5,61,49,"primary",10000,50,20
163,6013,11,"JS","Bren","MEX","ALT","M",0,0,0,0,1,0,0,"own",7,"fg","y","n",1,0,1,0,0,0,0,0,0,1,1,1,0,2,0,"","","","","n","n","y","",1,0,0,1,1,0,0,0,0,NA,NA,NA,NA,100,"y","cooperative","partner",98,"",1,1,1,1,0,0,0,0,0,0,0,1,0,0,"","severe","y","iuu","pollution","corruption","weather","decline_low",4,2,5,4,4,4,4,5,4,5,3,5,1,4,2,4,3,2,4,4,3,NA,NA,NA,31,14,"secondary",6000,50,30
164,6014,5,"JS","Bren","MEX","ALT","M",1,0,1,0,1,0,0,"own",7,"fg","y","y",1,0,1,0,0,0,0,0,0,1,1,1,0,2,1,"y","y","y","y","","","","",0,1,1,0,0,0,0,0,1,NA,NA,NA,NA,100,"y","cooperative","partner",96,"",1,1,1,1,0,0,0,0,0,0,0,1,0,0,"every_week","moderate","y","iuu","pollution","corruption","weather","no_change",4,2,4,4,4,4,5,4,5,5,3,4,2,1,4,4,4,4,4,4,4,5,4,4,35,15,"other",8000,50,30
165,6015,14,"JS","Bren","MEX","ALT","M",0,0,0,0,1,0,1,"own",7,"fg","y","y",1,1,1,0,0,0,0,0,0,1,1,1,0,2,1,"y","y","y","y","","","","",0,0,0,0,0,1,1,1,0,NA,NA,NA,NA,100,"y","cooperative","partner",96,"",1,1,1,1,0,0,0,0,0,0,0,1,0,0,"every_week","strong","y","pollution","corruption","iuu","weather","improve_low",4,4,4,4,4,2,4,4,4,5,2,5,1,1,3,3,4,4,3,3,4,4,4,3,58,41,"secondary",13000,70,20
166,6016,4,"JS","Bren","MEX","ALT","M",0,0,0,0,1,0,0,"own",7,"fg","y","y",NA,NA,NA,NA,NA,0,0,0,0,1,1,1,0,2,1,"n","","","","","","","",1,0,0,0,0,1,1,0,0,NA,NA,NA,NA,100,"y","cooperative","partner",96,"",1,1,1,1,0,0,0,0,0,0,0,1,0,0,"every_week","moderate","y","pollution","iuu","weather","corruption","decline_low",4,2,3,5,4,2,5,5,4,4,4,4,3,2,4,NA,4,4,4,4,4,4,4,3,48,34,"primary",4000,50,60
167,6017,4,"JS","Bren","MEX","ALT","M",0,0,1,1,1,0,0,"own",8,"fg","y","n",1,0,1,0,0,0,0,0,0,1,0,1,0,1,0,"","","","","n","n","n","n",1,0,0,0,0,0,1,0,1,NA,NA,NA,NA,100,"y","cooperative","partner",96,"",1,1,1,1,0,0,0,0,0,0,0,1,0,0,"every_week","severe","y","iuu","corruption","weather","pollution","no_change",5,3,4,4,4,4,5,4,4,4,3,3,2,2,4,3,3,2,3,3,2,0,0,3,25,6,"other",6000,100,20
168,6018,2,"JS","Bren","MEX","ALT","M",0,0,1,0,1,0,0,"own",7,"fg","y","n",1,1,1,0,0,1,0,0,0,1,1,1,0,1,0,"","","","","n","n","n","n",1,0,0,0,0,0,1,0,1,NA,NA,NA,NA,100,"y","cooperative","partner",96,"",1,1,1,1,0,0,0,0,0,0,0,1,0,0,"every_week","strong","y","iuu","weather","corruption","pollution","no_change",5,3,4,5,3,5,5,4,2,5,5,4,2,2,4,4,4,4,4,4,3,0,0,0,35,15,"secondary",10000,50,25
169,6019,8,"JS","Bren","MEX","ALT","M",0,0,0,0,1,0,1,"own",7,"fg","y","y",1,1,1,0,0,1,0,0,0,1,1,1,0,1,1,"y","y","y","n","","","","",1,0,0,0,0,0,1,0,1,NA,NA,NA,NA,100,"y","cooperative","director",98,"",1,1,1,1,0,0,0,0,0,0,0,1,0,0,"other","moderate","y","pollution","weather","iuu","corruption","improve_low",4,1,2,5,4,4,5,5,4,1,1,4,1,1,3,4,4,4,1,4,1,5,2,2,58,44,"secondary",16000,100,30
170,6020,4,"JS","Bren","MEX","ALT","M",0,0,1,0,1,0,0,"own",7,"fg","y","y",1,1,1,0,0,0,0,0,0,1,1,1,0,1,1,"y","y","n","","","","","",0,0,1,0,1,0,1,0,0,NA,NA,10,0,90,"y","cooperative","partner",86,"",1,1,1,1,0,0,0,0,0,0,0,1,0,0,"other","moderate","y","iuu","weather","pollution","corruption","no_change",4,3,4,4,4,3,4,4,4,4,4,4,4,4,3,3,3,4,4,4,4,0,3,4,25,7,"secondary",5000,50,25
171,6021,5,"JS","Bren","MEX","ALT","M",0,0,1,0,1,0,0,"own",7,"fg","y","n",1,1,1,0,0,0,0,0,0,1,1,1,0,2,1,"y","y","n","","","","","",1,0,0,0,0,0,0,1,1,NA,NA,NA,NA,100,"y","cooperative","partner",NA,"",1,1,1,1,0,0,0,0,0,0,0,1,0,0,"every_week","moderate","y","iuu","pollution","weather","corruption","no_change",4,3,4,4,4,2,4,2,4,4,4,4,4,3,4,4,4,4,4,4,4,3,0,2,17,3,"secondary",30000,20,15
172,6022,8,"JS","Bren","MEX","ALT","M",0,0,1,0,1,0,0,"own",8,"fg","y","y",1,1,1,0,0,0,0,0,0,1,0,1,0,2,1,"y","n","","","","","","",1,0,0,0,0,0,1,0,1,10,10,NA,NA,80,"y","cooperative","partner",70,"",1,1,1,1,0,0,0,0,0,0,0,1,0,0,"every_week","weak","y","pollution","iuu","corruption","weather","no_change",4,2,3,4,4,2,4,3,4,3,2,3,1,1,3,4,3,3,3,3,3,0,0,2,37,29,"secondary",4000,75,30
173,6023,14,"JS","Bren","MEX","ALT","M",0,0,0,0,1,0,0,"own",7,"fg","y","y",1,0,0,0,0,1,0,0,0,1,0,1,0,2,1,"y","n","","","","","","",1,0,0,0,0,1,1,0,0,NA,NA,NA,NA,100,"y","cooperative","partner",70,"",1,1,1,1,0,0,0,0,0,0,0,1,0,0,"every_week","weak","y","pollution","corruption","weather","iuu","decline_low",4,2,4,5,4,2,5,2,4,4,2,4,1,1,4,4,NA,4,4,1,4,3,4,4,63,47,"primary",8000,70,30
174,6024,5,"JS","Bren","MEX","ALT","M",0,0,1,1,1,0,0,"own",7,"fg","y","y",0,0,1,1,0,0,0,0,0,1,1,1,0,2,1,"y","n","","","","","","",0,0,0,1,0,1,1,0,0,NA,NA,NA,NA,100,"y","cooperative","partner",22,"",1,1,1,1,0,0,0,0,0,0,0,1,0,0,"every_week","strong","y","pollution","iuu","corruption","weather","decline_low",4,1,4,4,5,1,4,4,4,4,4,4,4,4,4,NA,NA,NA,4,4,4,NA,NA,NA,58,15,"primary",4500,50,20
175,6025,16,"JS","Bren","MEX","ALT","M",0,0,1,0,1,0,0,"own",7,"fg","y","y",1,1,1,0,0,0,1,0,0,1,1,1,0,2,1,"y","y","y","y","","","","",1,0,0,0,0,0,0,0,1,NA,NA,NA,NA,100,"y","cooperative","partner",NA,"",1,1,1,1,0,0,0,0,0,0,0,1,0,0,"every_week","weak","y","corruption","pollution","iuu","weather","no_change",NA,NA,NA,NA,NA,NA,4,3,NA,3,1,1,1,1,4,NA,NA,3,3,3,3,NA,NA,NA,50,30,"secondary",5000,100,30
176,6026,1,"JS","Bren","MEX","ALT","M",0,0,1,1,1,0,0,"own",8,"fg","y","y",1,1,1,0,0,0,1,0,0,1,1,1,0,2,1,"y","n","","","","","","",1,0,0,0,0,1,0,0,1,NA,NA,NA,NA,100,"y","cooperative","partner",NA,"",1,1,1,1,0,0,0,0,0,0,0,1,0,0,"every_week","severe","y","pollution","iuu","weather","corruption","decline_low",NA,NA,NA,NA,NA,NA,5,3,NA,3,3,5,5,4,4,5,5,4,5,5,4,NA,NA,NA,31,16,"secondary",35000,50,50
177,6027,13,"JS","Bren","MEX","ALT","M",1,0,0,0,1,0,0,"own",7,"fg","y","n",1,1,1,0,0,0,0,0,0,1,1,1,0,2,1,"y","n","","","","","","",1,0,0,0,0,0,1,0,0,NA,NA,NA,NA,100,"y","cooperative","partner",90,"other",1,1,1,1,0,0,0,1,0,0,0,1,0,0,"other","weak","y","corruption","iuu","pollution","weather","improve_low",4,2,2,4,2,2,2,4,4,4,2,1,1,1,1,NA,NA,NA,1,1,1,0,2,4,51,31,"vocational",7000,100,50
178,6028,11,"JS","Bren","MEX","ALT","M",1,0,0,1,1,0,1,"own",7,"fg","y","n",1,1,1,0,0,0,0,0,0,1,1,0,0,1,1,"y","n","","","","","","",1,0,0,0,1,0,1,0,0,NA,NA,NA,NA,100,"y","cooperative","partner",25,"",1,1,1,1,0,0,0,1,0,0,0,1,0,0,"every_week","strong","y","pollution","iuu","weather","corruption","decline_low",5,2,4,4,1,1,2,2,4,3,3,4,2,3,4,4,4,3,4,4,3,0,0,0,44,25,"other",10000,100,20
179,6029,9,"JS","Bren","MEX","ALT","M",1,0,0,0,1,0,0,"own",8,"fg","y","y",1,1,1,0,0,0,1,0,0,1,1,1,0,1,1,"y","y","n","","","","","",1,1,1,0,0,0,0,0,0,NA,NA,NA,NA,100,"y","cooperative","director",90,"",1,1,1,1,0,0,0,1,0,0,0,1,0,0,"every_week","weak","y","corruption","pollution","iuu","weather","no_change",5,2,3,4,4,1,5,4,4,2,1,2,1,1,1,1,2,4,1,1,4,0,4,1,47,30,"secondary",60000,100,50
180,6030,15,"JS","Bren","MEX","ALT","M",1,0,1,0,1,0,0,"share_employee",8,"fg","y","y",1,1,1,0,0,0,0,0,0,0,1,1,0,1,1,"y","n","","","","","","",1,1,0,0,0,0,0,0,1,5,NA,NA,NA,95,"y","cooperative","partner",25,"",1,1,1,1,0,0,0,1,0,0,0,1,0,0,"every_week","moderate","y","iuu","corruption","pollution","weather","decline_high",4,2,3,5,2,2,3,3,4,4,3,5,3,3,3,3,4,3,3,3,3,0,4,4,31,7,"other",9000,100,40
181,6031,8,"JS","Bren","MEX","ALT","M",1,0,0,0,1,0,0,"own",7,"fg","y","y",1,0,1,0,0,0,0,0,0,1,1,1,0,2,1,"y","y","n","","","","","",1,0,0,0,0,1,0,0,1,NA,NA,NA,NA,100,"y","cooperative","partner",27,"",1,1,1,1,0,0,0,1,0,0,0,1,0,0,"every_week","strong","y","iuu","pollution","corruption","weather","no_change",4,2,3,4,4,2,4,4,4,4,2,4,3,4,3,3,4,4,4,4,4,4,4,4,39,20,"other",9000,100,40
182,6032,5,"JS","Bren","MEX","ALT","M",1,0,0,1,1,0,0,"own",7,"fg","y","y",1,0,1,0,0,0,0,0,0,1,1,1,0,2,1,"y","y","n","","","","","",1,0,0,0,0,1,1,0,0,NA,NA,NA,NA,100,"y","cooperative","partner",NA,"",1,1,1,1,0,0,0,1,0,0,0,1,0,0,"every_week","weak","y","corruption","iuu","pollution","weather","no_change",4,2,2,4,2,2,4,4,4,3,4,4,1,1,4,NA,NA,NA,4,4,2,0,3,3,44,23,"other",9000,100,30
183,6033,1,"JS","Bren","MEX","ALT","M",1,0,0,0,1,0,0,"own",8,"fg","y","y",1,1,1,0,0,0,0,0,0,1,1,1,0,2,1,"n","","","","","","","",1,1,0,0,1,0,0,0,0,NA,NA,NA,0,100,"y","cooperative","partner",NA,"",1,1,1,1,0,0,0,1,0,0,0,1,0,0,"every_week","moderate","y","corruption","weather","iuu","pollution","no_change",5,2,2,5,2,2,5,4,4,2,1,3,1,1,2,2,NA,NA,1,1,2,0,2,4,48,28,"secondary",NA,100,50
184,6034,2,"JS","Bren","MEX","ALT","M",1,0,1,1,1,1,1,"own",8,"fg","y","y",1,1,1,0,0,0,0,0,0,1,1,1,0,1,1,"y","y","n","","","","","",0,1,0,0,0,0,1,0,1,NA,NA,20,NA,80,"y","cooperative","partner",72,"",1,1,1,1,0,0,0,1,0,0,0,1,0,0,"every_week","weak","y","pollution","iuu","corruption","weather","decline_high",4,1,1,5,5,1,5,5,5,5,5,1,1,1,4,1,5,5,2,2,4,5,3,4,45,34,"secondary",8000,100,30
185,6035,3,"JS","Bren","MEX","TTN","M",1,0,1,0,1,0,1,"own",7,"fg","y","n",1,1,1,0,0,0,0,0,0,1,0,1,0,2,1,"y","y","n","","","","","",1,0,0,0,1,0,1,0,0,NA,NA,NA,NA,100,"y","cooperative","partner",94,"",1,NA,1,0,NA,NA,0,0,0,0,0,1,0,0,"every_week","weak","y","pollution","iuu","weather","corruption","no_change",4,4,4,4,1,1,5,5,4,5,5,4,1,1,4,4,4,4,4,4,4,0,3,4,54,33,"university",12000,50,25
186,6036,5,"JS","Bren","MEX","TTN","M",1,0,0,0,1,1,0,"own",8,"fg","y","y",1,1,1,0,0,0,1,0,0,0,1,1,0,2,1,"y","n","","","","","","",1,0,0,0,0,1,0,0,1,NA,NA,NA,NA,100,"y","cooperative","partner",94,"",1,NA,1,0,NA,NA,0,0,0,0,0,1,0,0,"every_week","weak","y","iuu","pollution","weather","corruption","no_change",5,2,4,5,2,2,5,4,4,4,3,4,4,4,4,4,4,4,4,4,3,0,4,4,47,31,"secondary",8000,100,40
187,6037,6,"JS","Bren","MEX","TTN","M",1,1,0,0,1,0,0,"own",6,"fg","y","y",1,0,1,0,0,0,0,0,0,1,1,1,0,2,1,"y","n","","","","","","",1,0,0,0,1,0,0,0,1,NA,NA,NA,0,100,"y","cooperative","partner",94,"",1,NA,1,0,NA,NA,0,0,0,0,0,1,0,0,"every_week","weak","y","pollution","iuu","corruption","weather","no_change",NA,3,NA,NA,NA,NA,4,5,4,5,3,2,4,4,4,NA,4,NA,4,4,4,NA,NA,NA,58,40,"primary",8000,100,25
188,6038,11,"JS","Bren","MEX","TTN","M",1,0,0,1,1,0,1,"own",8,"fg","y","y",1,1,1,0,0,0,0,0,0,1,1,1,0,1,1,"y","n","","","","","","",1,0,0,0,0,1,0,0,0,NA,NA,NA,NA,100,"y","cooperative","director",26,"",1,NA,1,0,NA,NA,0,0,0,0,0,1,0,0,"every_week","weak","y","iuu","pollution","corruption","weather","no_change",5,4,4,4,2,2,4,4,4,4,4,3,3,3,4,4,4,4,4,4,3,4,4,4,45,26,"other",15000,100,35
189,6039,13,"JS","Bren","MEX","ALT","M",1,0,1,1,1,0,0,"own",7,"fg","y","n",1,1,1,0,0,0,0,0,0,0,0,1,0,2,0,"","","","","y","","","",1,1,0,0,0,0,1,0,0,NA,NA,NA,NA,100,"y","cooperative","partner",54,"",1,1,1,1,0,0,0,1,0,0,0,1,0,0,"every_week","strong","y","weather","iuu","pollution","corruption","no_change",4,2,2,4,2,2,4,4,4,4,4,4,4,1,4,4,4,4,4,4,4,NA,NA,NA,52,32,"other",10000,100,30
190,6040,14,"JS","Bren","MEX","ALT","M",1,0,1,1,1,0,0,"share_collective",8,"fg","y","y",1,1,1,0,0,0,0,0,0,1,1,1,0,2,1,"y","y","n","","","","","",0,0,0,0,1,0,1,0,1,5,0,5,0,90,"n","","",NA,"other",1,0,1,1,0,0,0,0,0,0,0,0,0,1,"other","strong","y","pollution","corruption","iuu","weather","no_change",4,2,4,4,2,2,4,4,NA,3,3,3,3,1,3,NA,2,2,4,2,3,NA,NA,NA,58,43,"secondary",3000,40,NA
191,6041,15,"JS","Bren","MEX","ALT","M",1,0,0,1,1,0,0,"share_employee",7,"fg","y","y",1,0,1,0,0,0,0,0,0,1,1,1,0,1,1,"y","n","","","","","","",0,1,0,0,0,0,1,0,1,NA,NA,NA,NA,100,"n","","",NA,"other",1,1,1,1,0,0,0,0,0,0,0,1,0,0,"other","moderate","y","pollution","iuu","corruption","weather","no_change",5,2,2,4,2,2,4,4,4,4,2,2,1,1,4,NA,NA,NA,4,2,1,0,0,4,18,2,"other",7000,50,0
192,7001,13,"Liva","GFW","IND","WKB","M",0,0,0,0,1,0,0,"own",12,"w","y","n",0,0,0,1,0,0,0,0,0,0,0,0,1,1,1,"y","n","","","","","","",1,0,0,0,1,0,1,0,0,20,0,0,80,NA,"y","other","partner",14,"no_restrictions",1,0,0,1,0,0,0,0,0,0,1,1,0,0,"once_month","severe","y","iuu","weather","pollution","corruption","decline_high",5,2,2,5,4,4,5,5,4,5,3,4,4,4,3,4,4,4,4,4,3,4,3,4,44,21,"secondary",4000000,10,30
193,7002,13,"WG","GFW","IND","WKB","M",1,0,0,0,0,0,0,"own",9,"w","y","y",1,0,1,0,0,0,0,0,0,0,0,0,1,2,1,"y","n","","","","","","",1,0,0,0,1,0,1,0,0,NA,0,5,95,NA,"y","other","director",27,"permit_holders",1,0,0,1,0,0,0,0,0,0,1,1,0,0,"once_week","weak","y","iuu","weather","corruption","pollution","decline_high",4,1,1,5,5,5,5,1,1,5,2,5,1,1,3,3,2,4,4,1,5,NA,5,1,47,30,"secondary",5,100,45
194,7003,11,"Liva","GFW","IND","WKB","M",1,0,0,0,0,0,0,"own",12,"w","y","n",0,0,0,1,0,0,0,0,0,0,0,0,1,1,1,"y","y","y","n","","","","",1,0,0,0,1,0,1,0,0,30,5,NA,65,NA,"y","other","director",30,"no_restrictions",1,0,0,1,0,0,0,0,0,0,1,1,0,0,"few_year","severe","y","weather","iuu","pollution","corruption","decline_low",5,2,4,4,3,3,5,5,5,5,4,4,4,4,4,4,4,4,4,4,4,4,3,4,47,20,"secondary",4500000,10,30
195,7004,11,"WG","GFW","IND","WKB","M",1,1,0,0,0,0,0,"own",8,"w","y","n",0,0,0,0,1,0,0,0,0,0,0,0,1,1,1,"y","y","y","n","","","","",0,0,0,0,1,0,1,1,0,10,10,80,NA,NA,"y","other","partner",25,"permit_holders",1,1,0,1,1,0,0,1,1,1,1,1,0,0,"once_week","weak","y","iuu","weather","pollution","corruption","improve_low",5,1,1,2,5,5,5,5,3,5,4,5,4,3,3,3,4,4,3,3,5,NA,4,2,42,32,"secondary",1000000,100,45
196,7005,15,"Liva","GFW","IND","WKB","M",1,0,0,0,0,0,0,"own",10,"w","y","n",0,0,0,1,0,0,0,0,0,0,0,0,1,1,1,"y","y","y","y","","","","",1,0,0,0,1,0,0,0,1,10,NA,0,90,NA,"y","other","partner",NA,"no_restrictions",1,0,0,1,0,0,0,0,0,0,1,1,0,0,"once_week","severe","y","iuu","weather","pollution","corruption","decline_low",5,2,2,4,3,3,4,4,4,5,3,4,4,4,3,4,3,4,4,4,3,3,3,3,47,19,"primary",4000000,10,15
197,7006,9,"Liva","GFW","IND","WKB","M",NA,NA,NA,NA,NA,NA,NA,"own",10,"w","y","n",NA,NA,NA,NA,NA,NA,NA,NA,NA,NA,NA,NA,NA,1,1,"","","","","","","","",NA,NA,NA,NA,NA,NA,NA,NA,NA,NA,NA,45,NA,NA,"n","","",NA,"no_restrictions",NA,NA,NA,NA,NA,NA,NA,NA,NA,NA,NA,NA,NA,NA,"once_week","severe","y","","","","","improve_low",NA,2,NA,5,5,NA,NA,NA,NA,NA,NA,NA,NA,NA,NA,NA,NA,NA,NA,NA,NA,NA,NA,NA,37,98,"primary",NA,10,30
198,7007,9,"WG","GFW","IND","WKB","M",1,0,0,0,0,0,0,"own",10,"w","y","n",0,0,0,1,0,0,0,0,0,0,0,0,1,1,1,"y","y","n","","","","","",0,0,0,1,1,0,0,0,1,10,NA,20,90,NA,"y","other","partner",30,"permit_holders",0,0,0,1,0,0,0,1,1,1,1,0,0,0,"once_week","weak","y","iuu","weather","pollution","corruption","decline_low",5,5,4,4,4,4,5,3,4,3,3,3,4,3,3,3,3,5,5,3,4,NA,4,3,42,20,"secondary",1500000,80,60
199,7008,15,"WG","GFW","IND","WKB","M",1,0,0,0,0,0,0,"own",9,"w","y","n",1,0,1,0,0,0,0,0,0,0,0,0,1,2,0,"","","","","y","","","",0,0,1,0,1,0,0,0,1,10,10,80,NA,NA,"y","other","partner",35,"permit_holders",0,0,0,1,0,0,0,1,0,0,1,0,0,0,"once_month","severe","y","weather","iuu","corruption","pollution","improve_low",4,1,4,3,5,5,4,4,4,5,4,5,4,4,3,3,4,5,4,4,5,NA,5,4,37,22,"no_formal",1000000,100,50
200,7009,8,"WG","GFW","IND","WKB","M",1,0,0,0,0,0,0,"own",11,"w","y","n",0,0,0,0,1,0,0,0,0,0,0,0,1,2,1,"y","n","","","","","","",0,0,0,0,1,0,1,1,0,10,0,NA,90,NA,"y","other","partner",27,"permit_holders",0,0,0,1,0,0,0,1,1,0,1,0,0,0,"once_week","weak","y","iuu","weather","pollution","corruption","decline_low",5,2,5,2,4,2,4,4,4,5,4,5,4,4,3,3,3,5,4,4,5,NA,4,3,35,15,"no_formal",8,100,30
201,7010,8,"Liva","GFW","IND","WKB","M",1,0,0,0,0,0,0,"own",9,"w","y","n",0,0,0,1,0,0,0,0,0,0,1,0,0,2,1,"y","y","y","y","","","","",1,0,0,0,1,1,0,0,0,NA,NA,100,0,NA,"n","","",NA,"no_restrictions",1,0,0,1,0,0,0,0,0,0,1,1,0,0,"once_week","severe","y","weather","iuu","pollution","corruption","decline_low",5,2,2,5,3,3,2,4,3,2,2,4,4,4,3,4,3,3,4,4,3,3,3,3,22,15,"primary",4000000,10,30
202,7011,4,"Liva","GFW","IND","WKB","M",1,0,0,0,0,0,0,"own",9,"w","y","n",0,0,0,1,0,0,0,0,0,0,1,0,0,1,1,"y","y","y","y","","","","",1,0,0,0,1,1,0,0,0,15,5,NA,80,NA,"n","","",NA,"no_restrictions",1,0,0,1,0,0,0,0,0,0,0,0,1,0,"never","severe","y","iuu","weather","pollution","corruption","decline_low",5,1,2,5,3,3,4,4,3,4,3,4,4,5,3,4,4,4,5,5,1,3,3,3,34,19,"primary",5,10,30
203,7012,4,"WG","GFW","IND","WKB","M",1,0,0,0,0,0,0,"own",12,"w","y","y",0,1,0,1,0,0,0,0,0,0,1,0,0,1,1,"y","y","n","","","","","",0,0,1,0,0,0,1,0,1,NA,NA,NA,100,NA,"y","other","partner",15,"permit_holders",0,1,0,0,0,0,0,1,1,1,1,1,0,0,"once_week","weak","y","corruption","weather","pollution","iuu","decline_high",5,1,1,4,1,1,5,2,4,4,4,NA,5,4,3,3,3,4,4,4,4,NA,4,4,58,48,"secondary",2000000,100,45
204,7013,5,"WG","GFW","IND","WKB","M",1,0,0,0,0,0,0,"own",11,"w","y","n",0,0,0,0,1,0,0,0,0,0,0,0,1,2,1,"n","","","","","","","",0,0,0,0,0,1,1,1,0,5,NA,5,90,NA,"y","other","director",15,"permit_holders",1,0,0,1,0,0,0,0,1,1,0,1,0,0,"once_week","weak","y","weather","iuu","pollution","corruption","improve_high",4,4,1,1,1,1,4,3,3,4,4,4,3,4,3,3,4,4,4,4,4,NA,5,3,47,28,"secondary",7000000,100,50
205,7014,14,"WG","GFW","IND","WKB","M",0,0,0,1,0,0,0,"own",10,"w","y","y",0,0,0,0,1,0,0,0,0,0,0,0,1,2,1,"y","n","","","","","","",0,0,1,0,0,1,0,1,0,10,10,80,NA,NA,"n","","",NA,"permit_holders",0,0,0,1,0,0,0,1,0,1,1,0,0,0,"once_month","severe","y","iuu","weather","pollution","corruption","decline_high",4,2,2,4,1,1,3,4,1,5,5,5,4,4,3,3,4,4,4,4,5,NA,5,4,41,21,"secondary",12000000,100,40
206,8001,15,"WG","GFW","IND","JPR","M",1,1,0,0,0,0,0,"own",6,"w","y","n",1,0,0,0,0,0,0,0,0,0,0,0,1,2,1,"y","y","y","n","","","","",0,0,0,1,0,1,0,0,1,10,5,85,NA,NA,"y","","partner",15,"permit_holders",0,0,0,0,0,0,1,1,0,0,1,0,0,0,"once_week","strong","n","weather","iuu","pollution","corruption","decline_low",5,4,1,5,4,2,4,4,3,5,4,4,3,4,3,3,3,3,3,3,3,3,4,3,51,30,"secondary",3000000,90,55
207,8002,14,"WG","GFW","IND","JPR","M",1,0,0,0,0,0,0,"own",6,"w","n","n",1,0,0,0,0,0,0,0,0,0,0,0,1,2,1,"y","y","n","","","","","",1,0,1,0,0,1,0,1,0,10,NA,90,NA,NA,"y","other","partner",200,"neighboring_community",0,0,0,0,0,0,1,0,0,0,1,0,0,0,"few_year","weak","n","iuu","weather","pollution","corruption","decline_low",4,4,2,2,3,1,2,4,1,5,3,5,3,3,3,3,4,4,2,2,3,3,4,3,55,35,"primary",5000000,70,45
208,8003,16,"WG","GFW","IND","JPR","M",1,0,0,0,0,0,0,"own",11,"w","y","n",0,0,0,0,1,0,0,0,0,0,0,0,1,2,1,"y","y","y","y","","","","",0,0,0,0,1,1,0,0,1,5,5,90,NA,NA,"y","","director",10,"no_restrictions",1,0,0,0,0,0,0,1,1,1,0,0,0,0,"once_week","weak","n","weather","iuu","pollution","corruption","improve_high",4,4,4,1,3,3,4,3,1,4,4,4,4,3,3,3,3,4,3,3,3,3,4,3,47,32,"secondary",4000000,80,40
209,8004,13,"WG","GFW","IND","JPR","M",1,0,0,0,0,0,0,"own",10,"w","y","n",0,0,0,0,1,0,0,0,0,0,0,0,1,2,1,"y","y","y","y","","","","",1,0,0,1,1,0,0,0,0,10,10,80,NA,NA,"n","","",NA,"community",1,0,0,1,0,0,0,1,0,0,1,0,0,0,"once_week","moderate","y","weather","iuu","corruption","pollution","improve_high",4,4,4,1,2,1,3,4,4,3,4,3,4,4,3,3,3,3,4,4,4,3,4,4,55,40,"secondary",5000000,60,35
210,8005,11,"WG","GFW","IND","JPR","M",1,0,0,0,0,0,0,"share_collective",6,"w","y","n",0,0,0,0,1,0,0,0,0,0,0,0,1,1,1,"y","n","","","","","","",0,0,0,0,0,0,1,1,1,10,5,85,NA,0,"y","","director",10,"community",0,0,0,1,0,0,0,1,0,0,1,0,0,0,"once_week","weak","y","weather","pollution","corruption","iuu","improve_low",4,4,4,1,2,2,4,4,4,5,4,4,4,4,3,3,3,4,4,4,4,3,4,4,66,36,"secondary",3000000,80,45
211,8006,9,"WG","GFW","IND","JPR","M",1,0,0,0,0,0,0,"own",11,"fg","y","n",1,0,1,0,0,0,0,0,0,0,1,0,0,1,1,"y","y","n","","","","","",0,0,1,0,0,1,1,0,0,10,NA,90,NA,NA,"y","cooperative","partner",150,"other",0,0,0,0,0,0,1,0,0,0,0,0,1,0,"never","moderate","n","iuu","corruption","weather","pollution","no_change",4,3,4,3,5,1,4,4,3,4,4,4,3,3,3,3,3,4,4,4,4,3,4,4,58,40,"secondary",2000000,90,55
